0.54,3.98,0.92,0.91,0.74,5.35,2.42,1.35,2.13,5.08,2.48,0.91,0.63,0.66,0.79,0.46,0.75,2.75,1.55
0.77,5.13,0.3,1.54,2.07,3.75,1.45,2.43,1.88,4.47,2.33,1.08,0.43,0.42,0.82,1.23,0.21,1.94,0.66
1.05,5.52,0.47,0.53,1.34,3.38,1.58,1.02,1.89,4.94,2.86,1.01,0.71,0.76,0.7,0.72,2.13,2.19,2.07
0.55,4.36,0.57,1.05,1.22,3.55,1.43,0.62,2.57,4.59,2.03,0.92,0.57,0.54,0.89,0.96,0.19,1.82,0.67
0.36,4.11,0.5,0.8,1.17,4,2.02,0.81,2.25,5.1,2,0.81,0.93,0.57,0.95,0.41,1.18,2.9,1.5
0.57,6.17,0.78,0.97,1.35,3.21,2.93,2.79,1.65,5.7,1.71,1.02,0.59,0.63,0.86,0.58,1.24,3.22,1.75
0.3,4,0.52,1.3,1.22,3.97,2.01,2.34,1.92,5.45,1.95,1.06,0.67,0.84,0.8,0.63,0.57,2.8,1.78
0.38,3.85,0.69,0.88,0.79,6.3,1.75,0.88,2.42,4.62,2.01,1.09,0.69,0.43,0.8,0.87,0.93,2.17,1.79
0.65,4.19,0.76,0.76,2.11,3.74,2.22,1.23,1.47,4.44,2.4,1.04,0.46,0.59,0.66,0.47,0.3,2.77,1.64
0.01,3.96,0.98,0.65,2.1,4.79,1.76,1.45,2.67,4.66,2.22,0.97,0.71,0.52,0.87,0.43,0.42,2.62,1.79
0.68,5.07,0.65,0.57,2.42,2.93,2.83,5.42,2.11,7.71,1.81,1.11,0.63,0.59,0.82,0.71,2.4,1.75,1.86
0.77,5.38,0.88,1.31,1.68,3.81,2.86,0.92,2.66,4.65,2.66,0.88,0.71,0.41,0.86,0.56,0.52,1.7,0.75
1.2,5.14,0.51,1.14,1.93,3.46,1.67,0.81,3.57,4.84,2.67,0.56,0.9,0.65,0.75,0.72,0.96,2.19,0.6
1.73,5.52,0.59,0.98,1.22,4.12,1.83,2.86,2.29,5.37,2.51,0.79,0.52,0.56,0.84,0.49,1.14,2.62,1.6
0.6,3.98,1.21,0.29,1.22,3.84,2.36,1.83,1.78,5.24,2.37,1.01,0.46,0.53,0.83,0.57,1.68,2.5,1.6
0.4,4.29,0.63,1.09,1.02,6.32,0.92,0.8,2.95,4.56,2.05,0.99,0.67,0.43,0.83,0.88,0.61,2.35,1.37
0.78,5.86,0.35,0.81,1.26,3.83,3.64,3.36,2.45,5.02,1.67,1.14,0.36,0.64,0.83,0.39,1.35,1.73,0.63
0.29,3.68,0.98,1.1,1.65,4.79,2.18,1.26,2.02,5.05,2.41,1.32,0.36,0.59,0.83,0.63,1.03,3.51,0.52
0.68,5.66,0.55,1.04,2.24,3.91,1.57,3.7,1.84,4.3,2.33,1.08,0.41,0.66,0.81,0.5,1.3,1.96,1.37
0.47,3.99,0.53,1.2,1.76,3.61,1.43,0.82,2.17,5.14,2.2,0.71,0.9,0.46,0.84,0.66,0.6,3.56,0.44
0.87,5.44,0.61,1.01,1.45,3.96,5.51,0.69,1.99,5.11,2.29,1.18,0.49,0.64,0.79,0.53,0.96,1.74,1.37
0.22,4.04,0.24,0.87,3.06,3.69,1.48,0.94,2.65,4.12,2.05,1.04,0.55,0.35,0.96,0.47,0.83,1.94,1.36
0.77,5.38,0.88,1.14,1.85,3.81,2.09,0.4,1.68,4.94,2.38,0.94,0.7,0.62,0.89,0.49,1.11,2.35,2.16
0.76,5.89,0.31,0.8,2.63,3.41,0.93,0.44,1.95,4.84,2.2,0.92,0.59,0.67,0.85,0.47,0.88,2.96,1.83
1.06,5.13,0.92,0.51,1.42,3.04,1.9,2.22,1.93,5.5,2.2,1.18,0.37,0.69,0.79,0.64,1.47,2.94,2.18
0.72,5.49,0.47,1.26,2.42,3.16,0.74,0.51,3.78,4.59,1.99,1.15,0.44,0.53,0.85,0.47,0.74,2.43,1.95
1.08,5.52,0.62,0.47,1.99,4.68,2.2,1.07,3.44,4.41,3.11,1.25,0.4,0.71,0.79,0.27,1.52,3.57,1.89
1,5.14,0.62,0.85,1.93,3.86,2.14,0.93,1.56,4.35,2.42,0.8,0.72,0.45,0.91,0.73,0.78,1.66,1.92
0.76,6.36,0.8,0.22,1.79,3.27,2.06,1.87,3.62,4.81,2.33,1.4,0.26,0.52,0.9,0.76,0.31,2.52,1.92
0.34,4.31,0.51,0.78,1.88,4.45,2.17,1.54,2.61,4.6,2.17,0.6,1.1,0.78,0.79,0.79,0.58,1.92,1.31
1.21,5.38,0.6,0.58,1.41,4.5,1.69,0.87,2.89,5.34,2.14,1.16,0.41,0.66,0.82,0.47,0.36,2.99,1.35
0.75,5.29,0.58,0.84,1.14,3.21,2.59,0.78,2.31,4.76,3.39,0.63,0.78,0.34,0.9,0.87,0.81,1.8,1.83
0.76,5.89,0.57,1.18,1.99,3.41,1.23,2.09,2.44,4.83,2.32,0.95,0.42,0.3,0.87,0.47,0.32,1.75,1.79
1.08,5.61,0.76,0.31,2.17,3.45,2.42,2.37,2.14,4.45,2.39,1.1,0.57,0.49,0.85,0.28,0.62,2.42,0.67
0.71,4.21,0.55,1.06,0.95,3.65,2.49,1.85,1.64,3.59,1.83,1.4,0.55,0.75,0.85,0.37,0.9,3.79,0.67
0.36,4.11,0.65,0.86,0.96,4,2.22,1.44,2.83,4.64,2.83,1.14,0.46,0.58,0.91,0.37,1.35,1.99,1.93
0.02,3.63,1.55,0.83,2.27,2.92,3.05,5.08,4.29,3.67,1.47,1.02,3.52,2.48,0.95,0.79,3.02,2.79,0.63
0.24,4.09,0.63,0.32,1.14,3.35,1.44,2.58,6.31,4.87,2.65,1.23,0.23,0.55,0.83,0.44,1.6,1.86,2.06
0.6,3.98,1.21,0.55,0.95,3.84,2.73,3.15,2.21,4.62,2.52,0.66,0.82,0.73,0.81,0.53,0.68,1.92,2.06
0.26,3.99,0.96,0.4,1,4.82,2.16,3.91,2.34,4.92,2.12,0.64,1,0.6,0.84,0.62,0.87,1.86,2.13
0.4,3.94,0.37,1.39,1.12,3.73,1.75,1.59,1.53,5.47,2.09,0.93,0.51,0.5,0.84,0.21,0.74,1.79,2.06
0.19,4.11,0.68,1.24,0.41,3.94,4,0.95,2.42,5.04,2.32,1.11,0.41,0.74,0.89,0.82,0.84,2.5,0.72
0.34,4.31,0.76,0.88,1.52,4.45,2.56,1.53,2.88,4.8,2.08,0.92,0.66,0.27,0.85,0.62,0.48,1.7,2.06
0.77,5.18,0.8,0.68,2.33,3.26,1.81,2.07,2.35,5.43,2.28,1.13,0.42,0.65,0.85,0.66,0.48,2.1,2.14
0.71,4.21,0.55,0.58,1.43,3.65,2.11,1.45,2.01,4.57,2.07,0.96,0.71,0.89,0.85,0.56,0.83,2.06,2.07
1.06,5.27,0.76,1.15,0.92,3.97,1.23,3.34,2.88,4.99,2.33,1.1,0.42,0.68,0.83,0.62,0.66,3.26,1.01
0.72,4.18,0.57,1.41,0.86,3.55,1.74,0.72,2.51,4.6,2.33,1.03,0.47,0.41,0.84,0.62,0.55,1.79,1.65
0.78,4.35,0.44,0.59,2.44,3.7,1.89,0.69,2.29,4.3,2.74,0.95,0.62,0.76,0.86,0.42,0.48,3.37,1.61
0.77,5.13,0.55,1.58,1.78,3.75,1.82,2.44,2.02,4.53,2.32,1.08,0.41,0.43,0.89,0.25,1.12,2.5,0.72
0.65,4.19,0.76,1.13,1.73,3.74,2.62,1.15,2.06,4.76,2.6,1,1.73,0.61,0.9,0.48,0.33,2.32,0.74
0.74,5.46,0.78,0.97,2.41,3.73,1.25,1.17,2.65,4.27,2.07,0.88,0.64,0.38,0.8,0.51,0.95,2.24,0.88
0.3,4.01,0.79,0.59,1.31,4.02,1.86,0.62,5.16,4.44,2.04,1,0.39,0.69,0.91,0.67,0.7,3.63,1.6
0.94,5.32,0.65,0.95,1.55,3.41,1.93,1.11,2.12,5.09,2.11,0.98,0.46,0.58,0.85,0.68,1.11,3.23,1.2
0.94,5.32,0.65,0.95,1.55,3.41,2.34,2.99,1.96,4.32,2.33,1.18,0.41,0.47,0.81,0.65,0.99,2.42,0.88
0.69,5.72,0.48,0.7,2.88,3.89,1.43,1.54,2.03,4.88,1.9,0.92,0.58,0.36,0.84,0.42,0.2,1.99,0.97
0.38,4.3,0.56,0.53,1.47,3.76,0.89,2.28,1.98,4.66,2.25,1.15,0.55,0.41,0.87,0.37,1.02,2.61,0.69
0.27,3.9,0.82,1.02,1.3,3.63,1.64,1.64,1.97,4.48,2.67,0.92,0.57,0.44,0.87,0.44,0.89,2.57,0.69
0.32,4.25,0.98,1.13,0.43,4.44,2.51,2.05,5.16,4.2,1.87,1.26,0.3,0.83,0.89,0.75,0.35,3.59,1.6
1.08,5.61,0.76,0.71,1.77,3.45,2.74,2.72,3.14,4.11,1.95,0.87,0.42,0.56,0.79,0.6,0.89,1.86,0.91
0.27,3.9,0.82,1.24,1.08,3.63,1.99,0.74,2.07,5.52,2.27,1.02,0.51,0.44,0.84,0.65,0.45,2.87,0.66
0.84,5.83,0.6,0.9,2.38,3.82,3.75,1.6,2.05,4.4,2.24,1.02,0.6,0.32,0.88,0.67,0.13,2.81,0.91
1.07,4.96,0.62,0.59,1.73,3.55,2.89,1.64,2.37,5.25,2.37,0.74,0.71,0.52,0.89,0.73,0.91,3,0.81
0.47,4.28,0.59,1.28,0.36,3.75,2.95,2.17,2.01,4.82,2.21,0.92,0.77,0.54,0.82,0.49,0.42,2.78,0.66
0.74,5.42,0.47,0.7,1.98,3.11,0.87,0.41,2.38,4.73,2.55,0.95,0.56,0.39,0.87,0.5,0.97,2.72,0.91
1.11,5.23,0.32,1.39,1.36,3.51,2.82,0.75,2.15,4.47,2.91,0.97,0.59,0.34,0.9,0.74,0.96,2.6,0.88
0.77,5.18,0.8,0.76,2.25,3.26,2.19,1.85,2.49,4.35,2.43,1.13,0.55,0.38,0.83,0.81,1.18,3.94,0.88
0.47,3.8,0.54,0.97,1.35,3.23,2.88,0.89,2.32,4.61,1.81,1.05,0.38,0.35,0.91,0.7,0.18,2.6,0.59
0.76,5.61,0.63,1.65,1.3,3.5,3.75,1.39,1.85,4.36,2.79,0.77,0.68,0.57,0.85,0.49,0.79,2.56,0.6
1,5.14,0.37,0.94,2.09,3.86,1.61,1.18,2.65,5.42,2.18,1.15,0.52,0.34,0.98,0.64,0.51,2.97,0.85
0.34,4.16,0.78,0.92,0.82,4.46,2.95,1.78,4.91,4.26,2.61,1.29,0.45,0.47,0.82,0.78,0.52,2.92,1.87
0.85,5.02,1.16,0.51,1.58,3.74,1.67,4.09,2.76,4.95,2.58,0.76,0.86,0.57,0.82,0.07,1.36,2.66,0.69
0.71,6.22,0.8,0.79,1.63,4.74,2.32,1.44,5.2,4.93,2.83,1.07,0.47,0.6,0.73,2.03,0.67,2.3,0.86
0.83,5.25,0.56,0.87,2.45,3.34,1.86,2.19,1.87,6.94,0.54,0.78,0.66,0.57,0.79,0.5,1.04,2.92,1.88
0.22,4.04,0.43,1.94,1.8,3.69,1.77,1.49,3.01,5.19,2.6,0.79,0.78,0.32,0.88,0.79,0.48,2.51,0.41
0.78,4.35,0.65,0.53,2.3,3.7,2.29,1.17,2.61,4.55,2.59,0.68,0.99,0.44,0.85,1.8,0.92,2.06,0.89
0.31,3.98,0.82,0.73,0.94,3.23,1.85,1.1,2.52,3.99,2.34,1,0.63,0.38,0.85,0.55,0.49,2.13,0.89
1.1,5.39,0.74,0.57,3.54,4.23,2.03,1.47,2.46,3.36,2.59,0.91,0.45,0.42,0.86,0.42,0.63,1.86,0.75
0.38,4.3,0.56,0.83,1.16,3.76,1.26,2.02,1.88,5.67,1.97,0.85,0.38,0.42,0.9,0.72,0.81,2.4,1.27
0.52,4.02,0.34,1.56,1.27,3.47,3.31,0.99,2.27,4.35,2.7,1,0.55,0.46,0.86,0.3,0.49,2.34,1.27
1.1,4.75,0.92,0.94,2.73,3.26,0.62,1.84,2.14,4.37,2.02,1.08,0.35,0.37,0.96,0.42,0.73,2.63,1.86
0.74,5.5,0.63,0.27,2.71,3.17,1.99,1.14,2.01,3.76,2.23,0.65,1.08,0.37,0.88,0.41,0.66,2.46,0.84
0.47,4.28,0.44,0.9,0.89,3.75,2.47,0.94,1.97,4.97,2.54,1.04,0.36,0.66,0.84,0.91,0.95,2.63,1.87
0.74,5.47,0.65,0.88,1.5,3.71,2.99,0.49,1.87,4.7,2.63,1.08,0.47,0.59,0.82,0.74,0.49,2.99,0.63
0.38,3.99,0.57,1.59,1.03,3.52,3.26,0.95,1.96,3.75,2.45,0.87,0.68,0.44,0.9,0.57,1.03,2.3,0.52
0.76,6.36,0.8,0.82,1.23,3.24,2.37,3.89,2.12,4.99,2.6,1.06,1.58,0.5,0.82,0.4,0.59,2.25,2.29
1,5.4,0.66,0.9,2.58,3.66,3.16,1.16,1.8,4.87,1.85,0.89,0.57,0.4,0.85,0.41,0.76,2.29,2.29
1.21,5.38,0.7,0.72,1.18,4.5,2.09,1.09,1.99,5.29,2.53,1.15,0.41,0.64,0.85,0.84,0.96,2.24,3.07
0.26,4.11,1.06,0.39,2.09,3.52,1.92,0.54,2.71,4.1,2.25,1.2,0.3,0.32,0.86,0.67,0.74,2.35,0.81
0.58,5.43,1.06,0.38,1.07,3.78,2.69,0.79,2.44,3.97,2.55,1,0.26,0.4,0.78,0.55,0.67,2.45,0.82
0.74,5.47,0.65,1.19,1.19,3.71,3.34,0.97,1.81,4.26,2.47,0.63,0.83,0.59,0.84,0.56,1.61,2.18,0.79
0.39,4.09,0.51,0.85,2.47,2.89,1.21,0.93,2.48,4.1,2.58,1.07,0.52,0.55,0.86,0.96,0.42,2.68,0.79
0.43,4.24,0.26,1.05,1.49,3.37,1.64,3.04,2.03,4.64,2.18,1.03,0.4,0.55,0.82,0.52,1.68,2.38,2.2
0.74,5.42,0.47,0.7,1.98,3.11,1.3,0.76,1.9,4.85,1.89,1.46,0.49,0.39,0.78,0.71,0.69,2.31,2.2
1.07,4.96,0.62,0.37,1.95,3.55,2.48,0.99,3.74,4.53,2.77,1,0.47,0.31,0.92,0.47,1.12,1.72,3.13
0.4,3.94,0.58,1.39,0.91,3.73,2.1,1.11,1.7,5.46,1.93,1.03,0.63,0.68,0.82,0.68,1.07,2.31,2.42
0.38,4.06,0.51,0.95,1.08,3.54,3,0.94,3.06,3.88,2.75,1.24,0.41,0.58,0.79,0.53,0.43,2.2,0.55
0.6,5.87,1.47,1.37,1.45,3.28,2.33,1.34,1.48,3.48,2.37,1.05,0.62,0.31,0.78,0.75,0.8,1.79,0.33
0.94,5.34,0.64,1.12,1.84,3.68,1.88,1.45,1.92,3.72,2.3,1.08,0.49,0.57,0.85,0.23,1.03,2.04,0.84
0.58,5.43,1.06,0.76,0.69,3.78,3,1.74,1.82,3.87,2.5,1.17,0.42,0.31,1.18,0.14,0.65,2.15,0.58
0.29,4.81,0.71,0.58,2.48,3.48,2.75,1.5,2.16,3.81,2.01,1.03,0.37,0.51,0.92,0.56,0.65,1.44,2.54
0.82,5.7,0.42,0.54,3.17,3.71,4.08,1.48,1.98,3.56,2.39,1.09,0.56,0.3,0.79,0.37,0.77,2.14,0.84
0.47,3.86,0.46,0.98,2.87,3.19,2.11,1.02,2.67,5.25,2.4,1.5,0.56,0.41,0.84,0.43,0.94,2.31,0.44
1.2,4.91,1.02,0.86,1.78,3.08,1.44,0.88,3.01,4.06,2.26,1.07,0.33,0.38,0.85,0.31,0.82,1.98,1.43
0.26,4.2,0.43,0.66,2.91,3.11,2.32,2.6,2.28,5.4,2.35,1.03,0.63,0.34,0.84,0.7,1.17,2.86,1.29
0.38,3.99,0.72,1.59,0.88,3.52,3.69,1.09,2.68,3.84,1.93,1.16,0.37,0.41,0.76,0.49,0.89,2.56,0.46
1.11,5.07,0.76,1.03,2.61,3.1,2.84,0.51,2.68,4.91,1.9,1.01,0.71,0.49,0.84,0.86,0.77,2.35,1.29
0.72,5.19,0.58,1.05,3.14,3.63,1.79,2.58,2.06,6.46,2.04,0.98,0.33,0.36,1.28,0.33,0.96,2.79,0.67
0.62,5.85,0.78,0.64,1.3,3.51,4.44,2.93,1.51,8.08,2.35,1.49,0.39,0.52,0.82,0.53,1.17,3.07,4.01
0.39,4.08,0.57,1.18,0.74,3.55,2.79,1.07,1.83,4.51,2.45,0.9,0.75,0.4,0.87,0.62,0.9,2.56,1.5
0.67,5.8,0.83,1.46,1.18,3.43,1.96,2.47,2.97,4.45,2.52,1.01,0.46,0.57,0.79,0.46,0.95,3.28,3.84
0.73,4.37,0.83,1.81,0.9,3.88,2.95,0.73,1.36,4.48,2.82,1.07,0.38,0.53,0.77,0.44,0.98,25.16,1.5
1.13,5.01,0.54,0.48,2.32,3.68,2.99,0.55,5.26,3.56,2.26,1.15,0.27,0.53,0.74,0.43,0.9,2.28,1.41
1.14,5.78,0.42,0.86,2.95,3.66,0.95,1.57,2.39,4.58,2.47,0.74,0.86,0.54,0.93,0.7,0.88,2.87,1.49
1.1,4.75,0.92,0.94,2.73,3.26,1.68,1.32,2.88,5.46,2.06,1.01,0.5,0.41,0.79,0.6,0.99,2.46,0.5
1.84,3.89,0.77,0.62,0.22,3.29,10.66,1.43,1.95,5.86,2.52,1.16,0.38,0.57,0.95,0.67,0.34,2.89,1.49
0.47,3.8,0.77,1.17,0.92,3.23,3.21,0.85,2.31,4.35,2.18,0.75,0.74,0.5,0.86,0.37,0.51,2.32,2.07
0.34,4.12,0.83,1,1.97,3.48,2.21,1.1,2.2,4.69,2.87,0.56,1.15,0.3,0.76,0.8,0.82,2.42,2.07
0.38,4.06,0.51,0.54,1.49,3.54,2.72,1.23,3.48,3.72,2.68,1.04,0.81,0.29,1.2,0.26,0.72,2.54,0.59
1.13,5.01,0.54,0.71,2.09,3.68,3.57,1.58,2.32,5.6,1.46,0.98,0.59,0.4,0.85,0.44,0.98,2.66,1.05
0.76,5.61,0.63,0.95,2,3.5,3.41,1.29,4.9,3.82,2.14,1.1,0.65,0.33,0.79,1.05,0.41,2.6,0.74
0.65,5.23,0.3,0.92,2.64,3.82,1.75,2.88,2.92,4.3,1.11,1.19,0.61,0.43,0.74,0.33,0.78,2,0.71
0.74,5.46,0.78,0.71,2.66,3.73,0.79,1.79,4.69,3.56,2.42,1.12,0.39,0.39,0.74,0.76,0.66,2.29,1.36
1.17,5.74,0.5,1.29,2.35,3.13,2.03,1.07,2.41,4.25,2.06,0.61,0.88,0.47,0.9,0.85,1.14,2.39,0.9
1.06,4.97,0.8,0.25,1.36,3.06,2.05,10.02,1.93,4.05,2.79,0.85,0.48,0.64,0.94,0.53,0.77,2.14,0.97
0.81,5.32,0.31,1.1,2.6,3.72,3.04,1.26,4.3,4.66,1.76,1.02,0.56,0.46,1.1,0.34,0.49,1.97,0.67
0.5,4.11,0.67,0.72,1.2,3.71,2,6.89,2.22,4.41,1.98,0.82,0.39,0.53,0.99,0.18,0.51,2.06,0.86
0.74,5.5,0.63,0.93,2.06,3.17,2.23,2.69,2.82,3.7,1.74,1.02,0.41,0.45,0.87,0.6,0.66,2.35,0.78
0.82,4.96,1.1,0.58,0.82,3.8,2.02,1.63,2.24,3.32,2.52,0.75,0.68,0.45,1.11,0.39,0.78,2.47,0.8
1.77,5.09,1.17,0.81,0.77,2.92,1.98,11.72,2.38,4.59,2.06,1.01,0.47,0.61,0.99,0.46,0.4,1.82,0.7
0.52,4.02,0.57,1.68,0.93,3.47,3.66,1.42,1.96,5.62,2.88,0.88,0.42,0.47,0.81,0.77,0.72,2.35,0.66
0.39,4.09,0.57,0.78,2.47,2.89,2.25,0.88,2.27,5.36,2.39,1.2,0.46,0.35,0.93,0.42,1.04,2.21,0.73
0.68,6.22,0.36,1.19,1.75,3.75,1.33,1.89,3.14,3.35,2.49,0.75,0.77,0.5,0.83,0.53,1.07,2.72,1.48
1.86,5.55,0.55,1.25,2.05,3.17,3.59,10.92,1.85,4.17,2.51,1.14,0.47,0.55,0.84,0.57,0.4,2.74,0.64
0.31,3.98,0.81,0.44,1.24,3.23,1.5,1.47,1.98,5.73,2.46,1.18,0.74,0.73,0.71,0.48,0.43,2.62,0.54
0.47,3.86,0.64,0.81,2.87,3.19,2.58,1.76,3.34,5.65,1.63,1.04,0.5,0.56,0.85,0.48,0.77,2.15,0.92
0.29,4.81,0.71,0.36,2.7,3.48,2.37,1.3,1.94,5,1.61,0.66,1.04,0.56,0.88,0.55,0.54,4.47,0.84
0.67,5.8,0.56,1,1.9,3.43,1.62,0.44,6.82,6.7,2.26,0.77,0.84,0.43,0.86,0.94,0.93,2.48,1.59
1.06,4.97,0.8,0.45,1.17,3.06,2.5,9.98,2.55,3.82,2.38,0.97,0.61,0.4,0.7,0.62,0.85,2.51,0.7
0.39,4.08,0.38,1.37,0.74,3.55,2.49,1.86,3.17,5.15,2.58,1.04,0.5,0.42,0.94,0.42,0.71,2.31,0.7
1.21,5.15,0.7,0.69,1.87,3.43,3.62,3.87,1.95,4.03,2.71,1.09,0.73,0.25,1.21,0.42,0.41,2.11,0.81
0.26,4.06,0.74,1.27,0.73,4.18,2.51,1.28,2.24,5.87,0.84,1.2,0.37,0.43,0.92,0.45,0.73,2.96,0.85
1.08,5.02,0.56,0.73,1.23,4,3.78,7.78,2,5.03,2.34,0.79,0.91,0.49,0.9,0.53,0.69,1.54,0.57
1.11,5.24,0.57,1.49,1.02,3.51,3.56,0.56,5.28,3.73,2.67,1.29,0.39,0.39,1.03,0.64,0.85,2.7,0.85
1.86,5.55,0.46,0.96,2.42,3.17,3.59,10.73,2.32,3.77,2.98,0.89,0.76,0.61,0.93,0.24,0.79,2.26,0.75
0.92,5.19,0.73,0.76,1.96,3.4,1.66,1.43,2.37,3.47,2.68,0.67,0.63,0.55,1.02,0.55,0.32,3.35,0.85
0.74,5.36,1.19,0.52,1.46,3.52,2.73,3.22,1.94,4.5,1.8,1.24,0.36,0.44,1,0.26,0.46,2.69,1
0.84,5.83,0.6,1.13,2.15,3.82,4.07,0.95,5.07,4.88,2.06,1.12,0.46,0.68,0.87,0.47,0.42,2.44,0.73
0.24,4.25,0.8,1.24,1.16,3.24,3.66,3.8,1.57,5.09,1.47,1.13,0.43,0.67,1.03,0.81,0.46,1.74,0.73
1.14,5.78,0.73,0.91,2.59,3.66,1.4,1.63,1.97,7.33,3.02,1.06,0.31,0.51,0.98,0.51,0.29,2.37,1
1.35,4.96,1.92,0.62,2.06,3.61,0.68,3.33,1.47,4.43,2.24,0.76,0.49,0.46,0.93,0.43,0.49,1.99,0.75
0.92,5.19,0.73,0.4,2.32,3.4,1.3,1.64,2.16,5.42,2.16,0.56,0.92,0.46,1.05,0.4,0.75,2.34,0.58
1.26,5.05,0.95,0.34,2.65,3.17,2.01,2.03,1.8,4.71,0.89,1.6,0.21,0.57,0.88,0.47,0.26,2.1,0.78
1.18,5.2,1.25,0.53,1.34,3.33,2.57,1.02,2.41,4.97,1.94,1.01,0.94,0.33,0.99,0.77,0.51,2.31,1.01
0.74,5.36,1.33,0.38,1.46,3.52,3.04,3.53,1.75,4.69,2.15,0.55,0.82,0.49,0.88,0.41,0.7,2.01,0.73
1.21,5.15,0.7,1.03,1.52,3.43,3.98,3.71,1.8,5.32,2.23,0.78,0.36,0.7,0.85,0.63,0.75,1.98,1
1.18,5.2,1.25,0.87,1,3.33,2.88,0.94,3.35,4.31,2.98,1,0.29,0.41,0.97,0.4,0.55,1.83,0.72
0.97,4.08,0.78,0.79,1.21,3.81,2.53,3.04,1.75,4.38,2.04,0.86,0.52,0.71,0.98,0.36,0.97,2.03,0.75
0.71,5.33,1.09,0.53,2.23,3.56,0.62,2.76,2.78,3.46,2.89,1.26,0.24,0.76,0.87,0.32,0.29,1.55,0.64
0.6,5.87,1.47,0.75,2.08,3.28,1.91,2,2.42,4.05,2.39,0.81,0.72,0.58,0.79,0.7,0.49,2.2,0.71
1.2,4.91,1.02,0.91,1.74,3.08,1.8,3.84,1.99,4.23,2.33,1.31,0.38,0.58,0.9,0.52,0.36,1.85,0.88
1.07,5.29,0.7,0.84,1.92,2.99,2.33,2.97,1.34,4.96,2.05,1.01,0.69,0.55,1,0.59,0.46,1.95,0.84
0.76,5.78,0.7,1.1,2.02,4.88,0.89,3.35,1.71,4.36,2.85,1.14,0.41,0.66,0.91,0.43,0.34,1.67,1.01
1.28,5.36,0.75,0.85,2.01,3.1,0.89,0.8,2.89,4.2,1.78,1.28,0.48,0.66,0.7,0.28,0.65,3.27,0.72
0.06,4.43,0.59,0.93,1.68,3.24,3.6,3.66,2.08,4.79,2.17,0.8,0.6,0.58,0.99,0.55,0.52,1.9,1.04
0.93,5.23,0.82,0.88,2.06,2.91,2.24,2.25,1.88,4.94,2.71,1.19,0.28,0.53,0.94,0.37,0.44,1.7,1.05
1,5.4,0.75,1.25,2.14,3.66,3.42,1.69,2.96,5.03,2.52,1.33,0.42,0.69,1.05,0.42,0.74,3.05,0.72
0.26,4.06,0.74,0.89,1.1,4.18,2.17,2.68,2.11,4.96,2.09,0.87,0.41,0.64,0.91,0.38,0.71,2.06,1.77
1.84,3.89,0.77,0.63,0.22,3.29,10.2,0.63,3.18,4.62,2.52,0.92,1.47,0.57,0.85,2.08,0.62,4.6,0.7
0.82,5.7,0.57,0.66,2.89,3.71,4.46,1.98,1.85,5.54,1.34,0.96,0.67,0.45,0.88,0.53,1.83,1.81,0.56
0.82,5.18,1.3,1,1.87,3.8,1.44,1.75,1.76,4.67,2.52,1.08,0.72,0.61,1.07,0.41,0.29,1.98,0.67
0.66,5.3,0.58,0.89,2.76,3.05,2.95,2.84,1.97,4.53,1.97,0.93,0.67,0.58,0.8,0.68,0.42,2.88,0.7
0.65,5.23,0.3,0.92,2.64,3.82,2.06,1.68,2.03,3.65,2.04,1.51,1.38,0.42,0.81,0.39,0.68,2.24,2.98
0.38,4.3,0.44,0.41,1.84,3.35,1.82,0.61,1.83,6.22,1.89,1.09,0.66,0.7,0.8,1.01,1.14,3.29,6.17
0.92,4.98,1.04,1.19,0.6,4.16,2.06,0.9,1.45,4.53,2.52,1.27,0.42,0.65,0.99,0.34,0.72,1.66,0.76
1.77,5.09,0.94,0.73,1.07,2.92,1.69,11.96,2.42,4.48,2.3,0.97,0.31,0.42,0.92,0.49,0.67,2.33,1.95
1.01,5.2,0.9,0.37,2.1,3.78,1.66,2.74,3.34,4.63,2.76,1.04,0.38,0.52,0.82,0.44,1.03,2.52,3.01
0.76,6.38,0.82,0.73,0.87,3.52,1.01,0.83,2.17,4.29,2.29,1.07,0.35,0.58,0.95,0.16,0.6,1.57,0.53
0.68,6.22,0.36,0.75,2.2,3.75,1.03,1.82,5.32,4.94,2.92,1.33,0.28,0.87,0.69,0.66,0.17,1.92,0.85
0.26,4.2,0.63,1.39,1.98,3.11,2.78,2.83,1.37,3.46,2.69,0.83,0.56,0.58,0.95,0.67,0.82,2.78,6.17
0.34,4.12,0.83,0.72,2.25,3.48,1.83,1.96,5.04,3.84,2.68,1.07,0.35,0.43,0.95,0.42,0.42,2.6,3
0.75,5.95,1.34,0.82,2.91,3.09,2.9,1.76,2.18,3.8,3.65,0.96,0.36,0.69,0.99,0.6,0.4,1.33,0.81
0.82,4.96,1.1,0.9,0.5,3.8,2.35,1.73,1.96,4.7,1.73,1.1,0.41,0.5,1.3,0.45,0.68,3.69,0.63
1.08,5.02,0.56,0.95,1.01,4,4.05,3.3,2.39,4.08,2.49,0.73,0.91,0.45,0.93,0.56,0.26,2.21,6.5
0.81,5.32,0.54,1.15,2.33,3.72,3.45,1.49,4.37,3.94,1.56,1.13,0.37,0.39,0.9,0.59,0.36,2.44,3
0.61,4.03,2.47,0.35,1.25,3.44,1.57,0.85,1.87,4.7,2.33,1.27,0.4,0.53,1.03,0.56,0.58,1.97,0.87
0.83,5.25,0.56,1.16,2.16,3.34,2.16,2.98,2.01,4.87,2.03,0.67,0.83,0.38,0.86,0.66,0.47,2.22,6.5
0.71,5.33,1.28,0.7,1.87,3.56,1.06,2.53,2.41,4.37,2.63,1.07,0.45,0.72,0.94,0.25,0.52,1.96,0.73
0.75,5.95,1.34,0.46,3.27,3.09,2.56,2.44,2.37,4.15,1.84,1.25,0.5,0.68,0.84,0.48,0.49,1.61,1.57
1.26,5.05,0.95,1.11,1.87,3.17,2.96,1.53,2.19,4.27,2.22,1.05,0.48,0.44,0.96,0.54,0.35,1.47,1.03
1.2,5.14,0.32,0.88,2.37,3.46,1.44,1.8,2.32,4.8,1.74,0.79,1.04,0.44,0.82,0.97,0.97,3.55,6.71
0.75,5.29,0.39,0.76,1.4,3.21,2.24,0.87,2,5.14,2.48,0.58,0.76,0.99,1.03,0.92,0.47,3.55,6.71
0.66,5.3,0.58,1.23,2.42,3.05,3.42,2.54,2.21,4.76,2.15,1.02,0.37,0.67,0.9,0.51,0.65,1.87,1.52
0.41,3.73,1.86,0.59,1.73,3.37,2.5,1.64,1.22,4.69,2.38,1.12,0.37,0.4,0.95,0.31,0.71,2.93,0.77
0.83,5.58,2.01,0.68,2.15,3.04,1.91,2.88,1.83,4.96,2.47,0.99,0.19,0.76,0.97,0.41,0.52,2.2,1.49
0.5,4.11,0.67,0.32,1.6,3.71,1.75,6.85,3.86,4.56,3.06,0.89,0.39,0.61,0.95,0.49,0.39,1.62,0.96
1.1,4.5,0.89,0.9,1.94,3.62,2.34,1.93,1.92,4.1,3.22,1.12,0.37,0.69,0.79,0.45,0.38,2.55,0.79
0.58,3.82,1.73,0.98,0.69,3.17,2.85,3.26,1.86,4.24,2.7,1.13,0.49,0.3,0.96,0.55,0.23,1.97,0.77
1.08,5.72,1.07,0.79,2.21,3.69,2.15,3.23,1.92,3.91,2.6,0.91,0.4,0.92,0.92,0.41,0.77,1.97,0.57
0.76,5.78,0.7,0.72,2.4,4.89,0.5,3.46,2.4,6.2,0.48,1.19,0.38,0.55,0.92,0.6,0.42,2.86,0.79
0.26,4.11,1.06,0.75,1.73,3.52,2.19,3.3,2.42,4.61,2.9,1.05,0.32,0.78,0.72,0.75,0.55,1.26,1.75
0.77,5.31,0.76,1.06,2.26,3.66,2.85,0.81,2.37,4.83,1.98,1,0.36,0.7,0.88,0.62,0.49,3.03,1.75
0.58,3.82,1.73,0.98,0.69,3.17,2.85,1.92,2.23,4.17,2.64,1.13,0.35,0.66,0.86,0.44,0.74,1.83,1.63
0.63,3.93,2.55,1.46,0.59,3.49,2.39,1.03,2.03,4,2.71,0.96,0.24,0.65,0.98,0.42,0.26,1.93,0.85
1.1,4.5,0.89,0.9,1.94,3.62,2.56,1.83,1.65,4.25,2.97,1.19,0.13,0.69,0.85,0.19,0.97,2.53,0.75
0.53,3.72,1.72,0.9,1.55,3.45,2.55,1.07,2.22,4.69,2.52,1.26,0.47,0.6,1.03,0.41,0.32,1.21,1.56
0.02,4.16,1.82,1.14,0.61,3.48,3.32,2.37,1.9,4.09,2.2,1.01,0.4,0.58,1,0.39,0.54,1.18,1.74
0.79,5.2,0.72,0.68,1.93,3.52,2.2,1.33,1.93,4.45,1.91,1.1,0.37,0.71,0.93,0.33,0.18,2.95,0.84
0.41,3.94,1.76,1.3,1.21,3.7,3.92,1.1,1.8,4.32,3.12,1.08,0.45,0.68,1.05,0.37,0.56,1.62,0.89
0.79,5.58,1.06,0.47,2.4,3.53,0.92,2.3,2.76,5.03,3.01,0.97,0.4,0.59,1.03,0.28,0.66,1.83,0.66
0.83,5.39,0.78,1.78,1.18,3.42,2.05,1.25,1.69,3.65,3.56,1.15,0.5,0.61,1.27,0.57,0.96,1.78,0.6
1.1,5.39,0.74,1.19,2.92,4.23,2.38,1.4,2.21,3.53,2.31,0.93,0.37,0.31,0.82,0.74,0.6,6.23,1.08
0.54,4.77,0.84,0.84,2.18,3.18,2.56,1.32,1.46,3.88,4.31,1.09,0.44,0.63,1.01,0.68,0.43,1.51,0.73
0.53,3.72,1.72,0.35,2.09,3.45,2.02,1.97,1.71,4.78,2.18,1.13,0.38,0.78,0.89,0.58,0.46,1.36,2.08
0.81,4.59,1.04,0.61,1.93,3.3,2.52,1.75,1.94,4.06,2.81,1.26,0.53,0.96,0.6,0.37,0.52,1.53,0.87
1.08,5.72,1.07,1.08,1.92,3.69,2.48,3.33,1.96,4.08,3.04,1.06,0.4,0.48,1.08,0.52,0.73,1.4,0.58
0.97,4.08,1.02,0.89,0.87,3.81,2.84,0.89,1.92,3.87,2.58,0.75,0.53,0.41,0.76,0.2,1.01,5.28,1.62
0.29,5.36,0.58,0.99,4.74,3.17,4.23,1.71,1.77,4.1,2.27,1.02,0.47,0.61,0.71,0.78,0.41,1.62,2.08
1.07,5.29,0.7,1.1,1.66,2.99,2.63,2.93,2.7,4.53,1.87,1.14,0.48,0.5,0.86,0.37,0.31,2.89,1.62
0.72,5.19,0.58,1.05,3.14,3.63,3.23,1.54,2.1,8.16,1.9,0.8,0.39,0.87,0.86,0.5,0.55,3.99,1.67
1.11,5.17,0.46,1.34,2.05,4.48,1.9,1.08,1.63,4.37,1.6,1.14,0.28,0.62,0.89,0.46,0.46,3.07,1.67
0.77,5.31,0.67,0.67,2.74,3.66,2.49,3.06,1.58,4.31,2.56,1.26,0.39,0.74,0.89,0.34,0.37,2.91,1.55
0.78,5.02,1.04,0.73,1.91,3.31,2.42,1.18,2.35,4.08,2.38,1.11,0.44,0.61,1.04,0.64,0.63,1.63,0.74
1.12,5.12,0.95,0.79,1.71,3.76,1.97,2.08,1.95,4.49,3.01,1.46,0.35,0.57,1.05,0.46,0.35,1.75,1.54
0.83,5.39,0.78,0.91,2.05,3.42,1.6,1.6,2.19,4.61,3.28,1.1,0.54,0.65,0.84,0.46,0.66,1.39,0.99
0.41,3.94,1.76,0.88,1.63,3.7,2.47,2.34,1.53,4.48,2.75,1.23,0.46,1,1.26,0.42,0.68,1.74,1.23
0.3,3.9,1.86,1.15,0.93,3.87,2.66,1.36,1.71,4.88,2.33,0.94,0.43,0.64,0.96,0.18,0.53,1.69,1.78
1.01,5.2,0.9,0.89,1.58,3.78,2.06,2.6,2.52,4.84,2.68,1.23,0.23,0.34,0.84,0.57,0.7,6.42,1.55
0.29,5.36,0.58,0.58,5.15,3.18,4.23,1.92,1.66,4,3.18,1.11,0.55,0.45,1.05,0.39,0.5,2.05,1.08
0.59,4.99,0.73,1.31,1.22,3.47,3.2,0.63,1.61,4.4,2.96,1.05,0.51,0.56,0.87,0.32,0.62,1.39,0.66
0.82,5.09,1.13,0.81,1.16,3.8,2.93,1.35,1.58,5.06,3.03,1.09,0.89,0.67,0.86,0.25,0.66,1.73,0.82
0.69,5.35,0.83,1.41,1.78,3.82,0.69,0.86,1.74,5.53,1.29,1.08,0.57,0.64,0.91,0.4,0.62,1.09,0.81
1.12,5.12,0.95,0.79,1.71,3.76,1.74,1.88,1.56,4.37,2.17,0.91,0.39,0.7,0.85,0.67,0.49,2.47,3.14
0.73,4.32,2.6,1.25,0.69,3.88,2.46,1.36,1.57,4.68,1.83,0.96,0.52,0.67,0.98,0.28,0.57,1.51,0.58
0.79,5.58,1.06,0.28,2.6,3.53,0.71,2.29,2.21,4.41,2.61,0.64,0.59,0.61,0.9,0.5,0.57,2.33,3.18
1.03,3.99,2.73,0.73,1.12,3.66,1.9,1.42,1.89,4.15,3.1,0.98,0.43,0.53,0.91,0.47,0.94,1.48,0.6
1.17,5.84,0.79,0.72,1.34,3.72,2.24,0.69,2.04,4.11,2.15,1.14,0.47,0.56,0.84,0.58,0.72,2.68,6.52
0.3,4.18,1.11,1.01,1.04,3.76,2.99,2.67,2.16,5,2.74,1.01,0.44,0.49,0.97,0.48,0.42,1.83,1.37
0.83,5.58,2.01,0.45,2.38,3.04,1.11,1.15,4.49,1.66,2.19,1.1,1.11,0.59,0.78,0.39,1.18,2.66,5.02
0.71,5.03,1.33,0.88,1.97,3.04,3.58,1.55,1.89,4.11,4.17,0.95,0.33,0.33,0.91,0.58,0.51,1.68,1.41
0.63,3.93,2.55,1.13,0.92,3.49,2.03,1.58,1.78,4.81,2.65,1.05,0.77,0.6,0.94,0.5,0.64,1.65,0.71
0.53,5.37,1.04,0.88,0.91,4.16,1.29,1.42,3.13,4.9,2.27,1.13,0.61,0.5,0.95,0.67,0.63,2.49,0.71
0.69,5.72,0.48,0.95,2.64,3.89,1.8,1.04,2.93,3.7,1.97,1.12,0.41,0.38,0.84,0.42,0.63,2.65,6.71
1.09,5.5,0.41,0.65,5.36,3.59,4.41,1.2,2.14,4.63,3.42,1.3,0.73,0.6,0.84,0.4,0.71,1.74,0.4
1.17,5.84,0.79,1.16,0.91,3.72,2.66,0.94,2.38,5.15,2.31,1.25,0.35,0.54,0.93,0.56,0.56,2.3,5.01
0.75,5.45,0.71,0.92,1.72,3.58,1.87,2.08,1.97,4.38,3.5,1.07,0.56,0.6,0.92,0.37,0.41,1.51,0.66
0.67,7.15,1.09,0.5,1.69,3.83,1.27,0.83,1.58,4.45,1.96,1.05,0.45,0.71,0.89,0.28,0.29,1.75,0.79
1.11,5.07,0.76,1.03,2.61,3.1,2.43,0.79,7.41,5.07,2.47,1.08,0.67,0.75,0.96,0.62,0.6,2.57,0.47
0.73,4.73,1.79,1.5,1.52,3.54,1.87,0.82,1.84,4.89,2.3,1.13,0.44,0.67,0.89,0.44,0.85,1.83,0.53
0.61,4.04,2.47,0.74,0.86,3.44,1.99,1.98,1.74,4.82,3.04,1.24,0.49,0.45,0.9,0.31,0.74,2.36,0.55
0.3,3.9,1.68,0.98,1.27,3.87,2.35,1.03,2.18,4.97,2.46,1.13,0.47,0.52,0.94,0.52,0.45,1.68,2.22
0.93,5.23,0.82,0.45,2.49,2.91,1.84,3.07,2.42,4.48,4.44,1.49,0.6,0.61,0.88,0.45,0.35,2.32,0.53
0.77,5.65,0.81,0.88,2.23,3.27,2.47,0.62,2.13,5.02,2.43,1.26,0.49,0.56,0.94,0.4,0.51,1.73,0.53
0.79,5.2,0.72,0.92,1.69,3.52,2.56,1.48,1.92,4.74,2.98,1.68,0.6,0.6,0.89,0.37,0.46,2.36,0.48
1.35,4.96,1.92,1,1.68,3.61,5,1.62,1.67,4.13,3.11,1.14,0.51,0.53,0.87,0.37,0.8,2.14,0.45
0.6,5.17,0.52,1.19,1.36,3.98,2.17,1.32,2.03,5.64,1.23,0.99,0.44,0.59,0.9,0.54,0.79,2.51,0.8
1.03,3.99,2.73,1.11,0.74,3.66,2.19,1.32,1.71,4.53,3.05,1.15,0.47,0.48,0.95,0.37,0.42,2.98,0.37
0.96,4.35,0.84,1.05,1.97,3.18,3.02,1.19,1.71,5.43,3.13,1.08,0.71,0.56,0.98,0.7,0.5,2.19,0.6
0.61,4.97,0.71,0.96,1.84,3.86,2.41,2.17,1.68,5.01,2.12,1.05,0.56,0.56,0.89,0.52,0.5,2.1,0.65
1.11,5.17,0.64,1.46,1.75,4.48,2.14,1.59,1.64,4.85,2.59,1.31,0.35,0.57,1.03,0.36,0.69,3.17,0.5
0.76,6.23,0.66,0.59,0.86,3.99,2.48,1.13,1.6,4.97,2.78,1.23,0.44,0.51,0.91,0.42,0.57,2.18,0.48
0.99,4.06,0.77,1.2,0.95,2.87,2.23,1.09,1.81,4.84,3.13,1.02,0.38,0.59,0.92,0.98,0.73,2.76,0.49
0.62,3.77,1.74,1.2,0.5,3.66,4.53,1.01,1.72,4.39,3.39,1.1,0.45,0.41,0.87,0.41,0.45,3.15,0.65
1.12,4.74,1.38,0.96,2.08,3.14,4.88,1.58,1.67,4.96,2.63,1.08,0.68,0.46,0.91,0.45,0.55,1.61,0.65
0.02,3.63,1.55,1.45,1.65,2.92,3.38,17.7,5.14,3.68,0.62,0.72,3.55,0.81,0.95,0.76,0.77,2.78,0.44
0.63,5.69,0.62,0.67,2.21,3.25,1.28,1.41,1.91,4.3,2.09,1.21,0.62,0.56,0.91,0.38,0.56,2.37,0.35
0.57,5.15,0.85,0.98,1.64,3.84,1.97,1.57,1.81,5.34,2.19,1.18,0.52,0.55,0.92,0.42,0.64,1.86,0.79
0.87,5.72,0.66,1.1,2.38,3.76,2.11,0.88,1.81,4.17,2.34,0.99,0.49,0.65,0.86,0.28,0.32,2.75,3
0.78,5.86,0.55,1,0.87,3.83,3.78,8.67,2.17,4.52,6.25,1.14,0.54,0.69,0.97,0.41,0.48,2.21,0.79
0.82,5.09,1.13,1.25,0.73,3.8,2.95,1.77,1.66,5.2,2.37,1.33,0.73,0.57,0.94,0.56,1.13,2.19,0.82
0.59,4.91,1.2,1.22,1.3,3.36,3.14,0.83,2.17,4.71,2.91,1.14,0.54,0.74,0.91,0.39,0.72,1.97,0.57
0.78,5.33,0.9,1.03,1.19,3.31,4.35,1.24,1.84,4.18,3.04,1.22,0.47,0.58,0.91,0.41,0.54,1.92,0.62
0.62,3.94,1.78,1.93,0.64,4.29,2.25,1.9,1.58,4.22,4.3,1.07,0.47,0.48,0.87,0.38,0.62,1.93,0.58
0.69,4.16,2.62,1.52,0.68,3.32,2.04,0.51,1.8,4.56,3.04,1.07,0.57,0.77,0.92,0.34,0.4,1.93,0.66
0.58,5.23,0.93,0.91,0.85,3.89,2,0.95,1.41,4.59,3.71,1.17,0.6,0.58,0.96,0.37,0.45,2.59,0.37
0.6,5.18,0.52,1.47,1.08,3.98,2.49,0.89,2.03,5.27,3.57,1.24,0.45,0.75,0.87,0.61,0.48,1.47,0.5
0.71,5.03,1.33,0.88,1.97,3.04,3.44,1.54,2.62,4.79,4.29,0.92,0.57,0.8,0.89,0.54,0.62,1.82,0.7
0.59,5.75,0.79,1.26,1.46,3.12,2.17,1.44,1.7,4.23,2.75,1.22,0.45,0.6,0.89,0.67,0.39,1.74,0.42
0.76,6.38,0.82,0.73,0.87,3.52,0.64,2.75,1.89,5.02,2.52,1.19,0.57,0.55,0.88,0.41,0.87,2.11,0.7
0.69,5.31,1.12,0.55,2,3.19,5.62,1.95,1.8,5.41,2.96,1.46,0.52,0.51,0.95,0.5,0.56,1.54,0.32
0.73,4.32,2.6,0.66,1.28,3.88,2.33,1.02,1.67,5.51,1.72,1.28,0.59,0.79,0.86,0.48,0.46,2.74,0.35
0.69,5.31,1.12,0.38,2.17,3.19,5.29,2.08,1.89,5.59,2.4,1.12,0.81,0.6,0.92,0.48,0.49,1.91,0.85
0.78,5.79,0.53,2.08,1.11,4.19,1.91,0.92,1.87,5.63,2.83,1.15,0.36,0.59,0.92,0.48,0.51,1.61,0.66
0.57,5.08,1.06,1.11,0.8,4.12,2.54,1.46,1.97,4.69,2.17,1.09,0.76,0.58,1,0.25,0.45,2.46,0.44
0.88,5.34,0.86,0.82,1.97,4.18,2.18,1.78,1.92,4.78,3.32,1.44,0.41,0.49,0.95,0.4,0.48,3.29,0.37
0.57,5.15,1,0.83,1.64,3.84,2.16,1.16,1.87,5.77,2.5,0.92,0.67,0.48,0.86,0.3,0.37,2.76,0.66
0.41,3.73,1.86,1.04,1.28,3.37,2.7,4.48,1.55,5.35,2.39,1.42,0.66,0.59,0.97,0.39,0.47,1.75,0.71
0.62,3.94,1.96,1.76,0.64,4.29,2.64,0.79,1.88,4.74,3.31,1.08,0.71,0.46,0.97,0.34,0.42,2.87,0.8
0.77,4.08,2.12,0.87,1.42,3.5,2.23,1,1.77,5.62,3.03,1,0.43,0.53,0.93,0.48,0.56,1.55,0.67
0.62,4.83,0.71,1.74,1.49,3.55,1.74,1.39,1.49,4.53,2.33,1.19,0.55,0.38,0.92,0.5,0.52,1.94,0.48
0.78,5.33,0.9,0.2,2.03,3.31,4.35,0.73,1.94,4.99,2.42,0.98,0.65,0.54,0.92,1.33,0.29,2.19,0.66
0.59,4.91,1.2,1.02,1.51,3.36,2.86,1.39,1.33,4.63,3.44,1.51,0.44,0.55,0.9,0.38,0.58,3.09,0.39
0.94,5.34,0.86,0.95,1.79,3.68,2.27,1.21,6.49,5.35,2.78,1.06,0.68,0.63,0.86,1.42,0.32,2.03,0.35
1.28,5.36,0.75,1.11,1.75,3.1,1.21,3.72,2.7,5.18,2.41,1.16,0.67,0.5,0.87,0.58,0.68,3.3,0.42
0.61,4.28,1.25,1.05,1.63,4.27,2.97,1.25,1.69,5.4,2.45,1.08,0.57,0.57,0.96,0.52,0.56,1.63,0.61
0.64,5.84,1.01,1.73,1.51,3.41,1.02,1.15,2.13,4.6,1.77,1.19,0.54,0.35,0.91,0.44,0.69,1.43,0.41
0.87,5.72,0.66,1.1,2.38,3.76,2.46,2.01,2.01,4.7,2.45,1.21,0.57,0.56,0.9,0.48,0.56,3.4,0.48
0.75,4.07,2.73,1.65,1.86,3.1,1.23,1.18,1.86,4.14,2.42,1.17,0.35,0.58,0.92,0.52,0.57,1.74,0.62
0.63,5.63,1.43,0.95,1.17,3.04,0.85,1.11,1.56,4.67,2.42,1.17,0.35,0.57,0.98,0.71,0.6,1.34,0.66
0.68,5.49,0.83,1.43,1.8,4.02,2.64,2.16,2.33,6.01,1.81,1.03,0.39,0.59,0.82,0.42,0.53,2.18,0.34
0.68,5.49,0.83,1.27,1.97,4.02,2.14,2.9,2.09,5.45,2.38,1.04,0.44,0.62,0.91,0.54,0.52,1.8,0.43
0.82,5.18,1.3,1.36,1.51,3.8,1.81,4.81,1.82,5.11,2.75,1.23,0.47,1.02,0.83,0.86,0.48,1.79,0.66
0.68,6.25,1.04,0.77,1.77,3.12,3.16,1.69,1.45,4.44,2.63,1.1,0.57,0.43,1.02,0.55,0.59,1.68,0.5
0.7,6.61,0.75,0.56,2.27,3.56,1.59,1.14,2.04,4.75,2.3,1.08,0.6,0.77,0.97,0.78,0.52,1.41,0.66
0.71,4.02,3.68,1.12,1.3,3.23,2.69,1.29,1.74,5.67,2.57,1.53,0.34,0.63,0.95,0.42,0.5,1.77,0.46
0.59,4.4,0.68,0.71,1.71,3.5,3.86,0.73,2.5,5.65,3.22,1.05,0.43,0.59,1.02,0.67,0.14,1.69,0.66
0.62,4.99,1.09,0.82,1.17,3.39,0.95,1.65,2.09,9.84,2.75,1.32,0.33,0.48,0.92,0.55,0.17,1.58,0.37
0.76,3.94,2.05,1.79,1.71,2.55,1.4,1.91,1.5,4.5,1.92,1.12,0.33,0.41,0.93,0.71,0.16,1.68,0.44
0.66,6.4,0.88,0.63,2.03,3.63,1.77,1.05,2.4,4.72,3.1,0.95,0.43,0.62,0.89,0.49,0.42,2.08,0.85
0.65,6.55,0.82,1.01,1.18,3.22,1.22,1.28,1.73,6.05,1.68,1.1,0.34,0.7,0.95,0.48,0.75,1.87,0.51
0.61,4.97,0.71,1.36,1.44,3.86,2.67,3.23,1.66,5.54,2.69,0.97,0.44,0.71,0.93,0.46,0.46,1.53,0.92
1.12,4.74,1.38,1.35,1.7,3.14,5.08,2.63,1.48,6,3.31,1.01,0.52,0.44,0.89,0.09,0.27,2.02,0.35
0.65,4.34,2.46,1.91,1.46,3.29,1.74,0.8,1.51,5.45,3.07,0.96,0.5,0.67,0.97,0.42,0.34,1.66,0.47
0.75,4.16,2.79,1.77,1.76,3.02,1.69,1.01,2.94,4.08,1.62,1,0.61,0.58,0.95,0.56,0.59,1.57,1.02
0.58,3.96,0.92,0.59,1.64,3.38,2.84,0.64,2.23,4.55,3.07,0.94,0.29,0.53,0.97,0.5,0.41,1.76,0.85
0.73,4.73,1.99,1.51,1.32,3.54,2.2,0.98,1.93,6.75,3.31,1.04,0.53,0.17,1.1,0.52,0.43,1.52,0.91
0.62,3.77,1.69,0.79,0.96,3.66,4.26,1.15,1.75,4.57,2.62,0.98,0.42,0.7,1.02,0.36,0.48,1.74,4.55
0.68,6.78,0.75,0.62,1.53,3.56,1.27,0.75,2.16,5.98,2.31,1.01,0.43,0.61,1.04,0.48,0.36,1.55,0.39
0.69,5.35,0.83,1.79,1.4,3.82,1.09,0.88,1.85,5.47,3.61,1.09,0.55,0.71,0.99,0.56,0.46,2.04,0.58
0.75,4.03,2.26,1.73,1.14,3.58,1.93,1.1,2.02,4.2,2.06,1.03,0.28,0.58,0.96,0.47,0.61,1.7,0.58
0.61,4.13,1.2,1.04,1.23,3.37,1.08,0.88,1.69,4.52,2.62,1.04,0.29,0.9,0.82,0.63,0.62,1.64,1.11
0.65,4.19,2.17,1.89,1.44,3.45,1.55,0.91,1.55,4.29,3.3,0.98,0.4,0.89,0.97,0.44,0.24,1.54,0.78
0.67,7.15,1.09,0.82,1.36,3.83,2.03,1.5,3,4.38,2.03,1.08,0.36,0.63,0.89,0.56,0.77,1.68,0.81
0.3,4.18,0.94,0.9,1.31,3.76,2.64,0.72,2.12,3.98,2.7,0.93,0.57,0.46,1.31,0.61,0.45,4.96,5.08
0.7,6.61,0.75,0.9,1.93,3.56,1.89,0.83,1.57,6.42,2.02,1.06,0.45,0.83,0.93,0.51,0.41,2.08,0.95
0.75,4.16,2.79,1.91,1.62,3.02,1.97,0.75,1.95,4.5,3.48,1.17,0.54,0.59,0.86,0.33,0.53,1.43,0.66
0.75,4.03,2.26,1.73,1.14,3.58,2.36,0.96,1.56,4.38,2.96,0.91,0.25,0.6,0.82,0.39,0.17,1.68,0.66
0.59,4.38,0.93,0.48,1.6,3.06,2.71,1.14,2.02,4.35,1.69,1.12,0.4,0.53,0.93,1.02,0.42,2.25,0.52
0.75,5.45,0.71,0.92,1.72,3.58,2.35,1.91,2.73,7.5,1.9,1.18,0.48,0.53,1.05,0.54,0.63,1.91,0.61
0.88,5.34,0.86,0.98,1.8,4.18,2.85,1.13,1.68,4.84,2.79,1.09,0.31,0.56,1.01,0.35,0.51,1.36,5.22
0.78,5.79,0.99,1.68,1.05,4.19,2.42,1.67,1.75,5.83,3.86,0.95,0.33,0.23,1.04,0.39,0.39,1.76,0.73
0.62,4.99,1.09,1,0.98,3.39,1.27,0.99,2.29,9.59,2.85,1.1,0.36,0.75,0.94,0.52,0.41,2.43,0.56
0.81,4.59,1.04,1.02,1.52,3.3,2.93,1.43,2.22,4.24,2.46,1.1,0.58,0.38,1.02,0.46,1,1.34,5.22
1.15,3.76,2.38,1.84,0.71,3.43,4.2,1.36,1.96,4.87,2.06,1.11,0.31,0.6,0.95,0.38,1,1.53,0.7
0.75,3.95,2.67,1.43,1.72,3.67,1.28,0.68,1.69,4.85,3.27,1.14,0.24,0.64,0.96,0.36,0.57,1.78,1.22
0.54,5.57,0.79,1.29,1.47,2.94,2,1.11,1.57,4.1,1.9,1.02,0.45,0.59,0.95,0.52,0.33,1.87,1.04
1.33,5.36,1.12,0.72,1.55,3.19,8.54,0.81,1.94,4.77,2.68,1.21,0.42,0.49,0.86,1.76,1,1.9,0.57
0.59,5.75,0.79,1.68,1.04,3.12,2.41,1.84,1.88,4.72,3.29,0.86,0.36,0.8,0.97,0.55,0.61,1.66,1.21
0.6,5.1,0.73,1.18,1.39,2.87,3.26,1.38,1.38,5.9,3.35,1,0.36,0.45,0.96,0.41,0.49,1.57,1.07
1.09,5.5,0.56,0.95,4.9,3.59,4.82,1.9,1.68,8.35,3.62,0.84,0.82,0.71,0.9,0.32,0.25,1.75,0.55
0.71,4.02,3.68,1.57,0.96,3.13,2.99,2.86,1.55,5.88,2.39,1.08,0.48,0.62,0.87,0.32,0.65,1.68,0.57
0.78,4.22,2.64,1.35,1.05,3.61,2.35,2.11,2,5.85,1.86,1.14,0.31,0.55,0.96,0.35,0.49,2.2,1.34
0.61,5.93,0.56,1.35,1.8,3.24,3.1,1.28,1.59,5.83,2.35,1.17,0.5,0.67,0.86,0.35,0.49,1.46,0.57
0.63,5.63,1.43,1.21,0.92,3.04,0.89,1.65,2.28,5.88,2.5,0.99,0.49,0.62,0.86,0.3,0.57,1.5,0.55
0.82,4.18,1.63,1.4,1.72,3.01,2.77,0.92,2.07,4.72,2.15,0.89,0.52,0.67,0.8,0.28,0.63,1.44,0.62
0.67,7.83,0.78,0.99,1.18,3.18,1.51,1,2.31,5.67,3.02,1.03,0.53,0.61,0.87,0.39,0.43,1.58,0.56
0.77,5.6,1.33,0.2,1.61,3.43,1.38,2.3,2.03,4.45,2.51,1.23,0.54,0.45,0.81,0.4,0.26,1.47,0.62
0.59,4.4,0.44,0.62,2.04,3.5,3.51,2.35,1.52,5.19,5.79,1,0.47,0.67,0.84,0.46,0.27,1.56,0.57
1.17,5.74,0.5,0.93,2.7,3.13,2.03,0.81,2.04,4.03,2.42,1.03,0.53,0.37,0.83,0.85,0.8,13.12,0.24
0.6,6.17,1.01,1.06,0.84,3.28,1.43,1.78,1.58,4.17,2.38,1,0.7,0.5,1,0.42,0.39,4.68,0.97
0.76,7.36,0.74,0.79,1.49,3.35,3.38,1.13,1.87,5.38,2.41,1.33,0.56,0.6,0.86,0.65,0.33,1.54,0.6
0.75,6.17,0.96,1.02,1.12,3.16,0.97,0.63,1.72,4.47,2.04,1.09,0.55,0.66,0.81,0.29,0.79,1.55,0.61
0.57,5.08,1.06,0.91,1,4.12,2.2,2.1,1.71,5.01,2.46,1.34,0.48,0.63,0.98,0.52,0.59,4,0.7
0.65,4.34,2.65,1.72,1.46,3.29,1.93,0.73,2.58,5,3.8,1.12,0.51,0.74,0.89,0.38,0.56,1.99,0.24
0.61,4.28,1.25,1.34,1.33,4.27,3.29,1.33,1.92,4.08,2.94,0.86,0.44,0.49,0.95,0.52,0.19,4.54,1.35
0.65,4.19,2.41,1.92,1.18,3.45,1.89,1.8,1.72,5.15,3.19,1.05,0.27,0.53,0.87,0.33,0.7,1.59,0.43
0.63,4.91,0.59,2.39,1.17,3.03,1.76,1.61,1.92,6.15,1.03,1.02,0.5,0.5,0.93,0.31,0.38,1.77,0.43
0.61,5.63,0.83,0.51,1.52,3.15,1.3,1.03,1.51,4.93,2.55,1.01,0.44,0.59,0.8,0.28,0.44,2.64,0.55
0.62,5.13,0.81,1.01,0.95,3.72,1.82,3.07,2.15,4.01,2.15,1.19,0.59,0.62,0.98,0.39,0.52,4.62,1.08
0.78,4.22,2.64,0.93,1.35,3.72,2.18,1.03,1.66,6.52,3.68,1.42,0.46,0.54,0.87,0.29,0.28,2.79,0.55
0.76,3.94,2.05,1.51,1.99,2.55,1.11,1.13,1.98,5.56,3.2,1.13,0.59,0.55,0.97,0.29,0.72,1.89,0.45
0.78,5.02,1.04,1.34,1.3,3.31,2.66,2.48,1.59,5.48,2.99,1,0.54,0.57,0.98,0.47,0.6,4.76,1.05
0.58,5.24,0.93,1.05,0.72,3.89,2.37,2.12,1.87,4.66,2.91,1.08,0.49,0.52,0.94,0.35,0.48,4.73,1.05
0.67,7.83,0.78,0.54,1.63,3.18,1.15,1.16,1.72,4.54,5.11,1.17,0.57,0.45,0.84,0.31,0.79,1.93,0.45
0.66,6.4,0.88,0.63,2.03,3.63,1.77,0.88,2.27,6.46,4.21,1.08,0.54,0.49,1.04,0.23,0.57,2.2,0.55
0.77,6.03,0.86,1.37,1.56,3.03,2.49,2.38,1.62,5.74,3.08,1.26,1.29,0.65,0.91,0.25,0.74,1.45,0.51
0.58,3.96,0.92,0.79,1.43,3.44,3.07,1.35,4.16,5.28,1.75,1.18,0.53,0.47,0.86,0.26,0.57,1.82,0.54
0.63,5.69,0.62,0.97,1.92,3.25,1.79,2.88,4.12,4.85,2.56,1.21,0.58,0.42,0.8,0.46,0.39,1.88,0.51
0.6,5.1,0.73,0.94,1.62,2.87,2.79,1.43,1.72,4.43,2.72,1.05,0.35,0.67,1.01,1.98,3.08,1.67,0.43
0.99,4.06,0.77,1.2,0.95,2.87,2.81,1.62,2.03,5.64,3.02,1.03,0.44,0.75,0.97,0.41,0.38,6.02,0.62
0.59,5.33,0.76,1.96,1.41,3.11,3.07,1.02,1.55,5.24,2.01,1.31,0.45,0.59,0.95,0.15,0.85,1.47,0.48
0.77,5.65,0.81,0.88,2.23,3.27,2.85,2.49,1.76,7.54,3.08,1.07,0.74,0.58,0.9,0.45,0.4,2.08,0.46
0.82,4.18,1.63,1.83,1.29,3.01,3.1,0.46,1.44,5.51,2.84,1.17,0.56,0.5,0.82,0.39,0.47,2,0.46
0.19,4.11,0.48,1.04,0.8,3.95,3.94,0.97,4.44,4.53,2.04,1.4,0.72,0.66,0.83,0.15,0.71,14.74,0.48
0.62,4.83,0.52,1.52,1.9,3.55,1.33,2.94,2.77,5.32,2.97,1.01,0.43,0.59,0.81,0.4,0.78,1.84,0.54
0.62,5.36,1.38,1.65,0.96,3.34,1.71,0.96,3.45,4.47,2.93,1.21,0.38,0.36,0.81,0.32,0.86,1.79,0.37
1.07,4.48,0.64,2.08,1.45,3.15,1.37,0.94,1.7,4.65,2.79,1.23,0.6,0.58,0.85,0.26,1.03,1.83,0.37
0.59,4.99,0.74,1.03,1.5,3.47,2.52,2.83,1.72,4.12,3.25,1.05,0.43,0.64,1,0.47,0.47,5.78,0.91
0.57,5.67,0.69,1.5,1.22,3.11,1.56,1.29,1.39,5.37,2.82,1.24,0.57,0.56,0.91,0.27,0.79,1.54,0.54
0.76,6.23,0.66,0.47,0.97,3.99,1.99,0.78,2.19,5.59,3.86,1.16,0.36,0.72,0.93,0.39,0.79,4.88,0.78
0.64,5.02,0.91,0.85,1.13,4.86,2.09,2.96,2.56,4.69,2.58,1.1,0.5,0.84,0.89,0.07,0.73,1.76,0.46
0.68,6.25,1.04,1.14,1.4,3.12,3.35,1.68,2.27,5.87,2.92,1.31,0.56,0.51,0.91,0.3,0.34,2.69,0.53
0.6,5.07,0.78,1.48,0.67,3.64,3.45,2.55,4.6,4.5,2.74,1.22,0.65,0.72,0.82,0.35,0.47,2.38,0.66
0.64,5.02,0.91,0.81,1.17,4.85,1.8,1.84,2.22,5.22,2.98,1.08,0.39,0.62,0.95,0.37,0.7,2.19,1.02
0.62,5.36,1.38,1.65,0.96,3.34,1.19,1.12,1.98,5.78,3.18,1.2,0.64,0.69,0.84,0.11,0.74,1.85,0.46
0.63,4.91,0.59,1.95,1.6,3.03,1.3,2.02,1.62,5.17,2.42,1.23,0.82,0.53,0.87,0.23,0.87,2.14,0.49
1.33,5.36,1.12,0.72,1.55,3.19,9.35,1.91,3.7,5.14,1.81,1.59,0.47,0.55,0.98,0.1,1.24,2,0.46
0.76,7.36,0.74,0.49,1.79,3.35,2.94,1.24,2.35,5.88,2.62,1.14,1.34,0.64,0.85,0.17,0.76,1.91,0.46
0.61,5.63,0.83,0.99,1.03,3.16,1.84,0.97,2.11,5.32,2.73,1.22,0.48,0.56,0.82,0.24,0.69,2.12,0.49
0.77,4.08,2.12,1.04,1.25,3.52,2.55,2.38,4.05,5.65,2.69,1.33,0.85,0.54,0.81,0.74,0.15,2.11,0.44
0.36,4.8,1.37,1.14,1.64,3.16,2.52,0.92,1.7,4.91,1.74,0.98,0.68,0.48,0.86,0.21,0.67,2.45,0.46
0.31,4.64,1.01,1.91,1.23,3.01,1.61,1.24,2.28,4.76,2.67,0.94,0.56,0.68,0.95,0.28,0.51,3.02,0.97
0.74,5.34,0.82,1.45,0.75,2.81,1.57,0.44,1.52,5.58,2.85,1.18,0.48,0.52,0.88,0.21,1.26,2,0.44
0.65,4.49,2.62,1.06,2.55,2.88,1.49,0.86,1.55,4.64,5.94,0.97,0.83,0.45,0.82,0.32,0.6,2.3,1.16
0.57,5.67,0.69,0.97,1.75,3.1,1.55,1.86,1.69,5.11,2.23,1.19,0.63,0.41,0.93,0.37,0.89,2.36,0.46
0.59,4.38,0.93,1.46,0.62,3.06,2.86,2.53,1.5,5.11,2.59,1.22,1.45,0.69,0.91,0.43,0.22,2.3,0.45
0.83,6.22,1.08,1.09,2.31,3.83,3.77,1.7,1.22,5.87,2.4,1.32,0.45,0.51,0.87,0.36,0.2,2.42,0.45
0.67,6.73,0.82,1.08,1.16,3.32,1.76,1.36,3.26,5.81,2.66,1.11,0.5,0.47,0.83,0.45,0.42,3.01,1.11
0.61,4.13,1.2,1.3,1.14,3.2,1.28,1.22,5.1,5.19,2.39,1.22,0.68,0.58,1.01,0.46,0.23,1.67,0.44
0.61,5.93,0.75,1.17,1.8,3.24,3.61,0.52,5.32,5.1,2.19,1.1,0.58,0.5,0.88,0.44,0.23,2.4,0.48
0.62,5.29,0.83,1.47,1.08,3.43,6.26,1.79,2.93,5.46,2.44,1.08,0.52,0.68,0.85,0.44,0.49,2.03,0.43
0.77,6.67,1.24,0.66,1.65,4.1,1.94,1.63,1.74,4.94,3.18,1.06,0.43,0.75,0.9,0.43,0.73,2.13,0.48
0.65,6.55,0.82,1.01,1.18,3.22,0.98,1.7,5.42,5.25,2.25,1.38,0.54,0.66,1.02,0.37,0.45,2.73,0.4
0.6,4.05,0.72,0.97,1.72,3.21,3.8,1.56,3.61,5.57,2.55,0.94,0.38,0.56,0.96,0.2,0.53,2,0.48
0.73,5.98,0.5,0.75,1.28,3.57,3.37,2.9,1.27,5.63,2.34,1.28,0.62,0.71,0.83,1.03,0.25,2.34,0.34
0.6,4.93,0.67,0.66,2.1,2.88,4.52,1.06,4.04,5.05,2.52,0.9,0.56,0.62,0.86,0.3,0.9,2.69,0.48
0.77,6.73,2.34,0.9,0.93,3.09,3.13,0.72,1.58,5.33,2.35,1.19,0.57,0.71,0.97,0.54,0.42,2.07,0.39
0.6,4.25,0.67,0.87,0.9,3.09,7.36,1.06,2.09,5.37,1.13,1.22,0.55,0.77,1.01,0.52,0.19,2.45,0.34
0.36,4.8,1.37,0.72,2.06,3.16,2.17,1.44,1.88,5.09,2.06,1.08,0.61,0.45,0.85,0.59,0.17,2.54,0.41
0.6,4.93,0.67,1.05,1.71,2.88,4.52,1.22,3.97,5.49,2.79,1.25,0.76,0.76,0.86,0.47,0.42,2.22,0.3
0.78,6.78,0.84,1.15,0.93,2.91,3.76,2.6,2.31,5.86,2.01,1.21,0.56,0.76,0.81,0.07,0.25,2.79,0.3
0.78,6.78,0.52,1.29,1.12,2.91,3.58,2.61,1.94,4.84,2.75,1.26,1.14,0.61,1.07,0.44,0.51,1.92,0.41
0.65,6.92,2.27,0.49,2.39,2.9,1.34,0.41,1.85,4.88,2.56,1.08,0.38,0.67,1.09,0.26,0.2,3.27,0.48
0.66,6.43,0.78,1.1,1,3.51,3.1,0.89,1.91,5.16,2.58,1.08,0.53,0.95,0.78,0.7,0.22,1.84,0.51
0.77,7.26,0.99,0.74,2.35,4.79,0.82,1.43,2.84,5.07,2.43,1.35,0.96,0.65,0.89,0.63,0.49,2.06,0.63
0.69,5.36,0.74,1.02,1.15,3.07,2.45,1.43,2.47,4.74,2.35,1.07,0.48,0.69,0.85,0.45,0.24,2.25,0.51
0.22,3.72,1.28,0.78,1.04,3,1.51,1.34,2.28,5.41,2.03,0.8,0.52,0.49,1.02,0.46,0.34,2.13,0.47
0.75,3.95,2.67,1.68,1.46,3.67,1.63,1.12,4.46,4.85,2.86,1.15,0.42,0.56,1.04,0.15,0.26,3.9,0.66
0.77,7.26,0.99,0.83,2.26,4.79,1.21,0.68,2.26,4.95,3.2,1.08,0.5,0.54,1.22,0.37,0.92,3.26,0.44
0.65,4.49,2.74,1.72,1.77,2.88,1.68,1.5,2.15,4.53,3.21,1.1,0.47,0.64,0.88,0.39,0.42,1.67,5.32
0.78,7.39,1.32,1.06,1.07,3.01,2.49,3.04,1.72,4.9,2.46,1.4,0.47,0.65,0.97,0.47,0.16,2.77,0.63
0.6,6.17,0.76,1.31,0.84,3.22,1.13,4.13,1.76,4.63,2.05,1.11,0.47,0.56,0.9,0.5,0.61,1.73,5.24
0.64,5.84,1.14,1.99,1.11,3.41,1.36,1.88,2.37,7.61,0.7,1.01,0.56,0.34,1.08,0.58,1.47,3.26,0.54
0.75,4.07,2.84,2.15,1.24,3.1,1.66,1.11,1.92,4.9,3.34,1.07,0.7,0.68,0.89,0.34,0.32,1.34,5.26
1.04,5.15,0.63,1.03,1.65,3.7,4.56,0.82,2.1,6.54,3.82,1.17,0.44,0.71,0.84,0.35,0.55,1.49,5.33
0.65,5.63,1.43,1.07,1.1,3.19,2.82,3.28,2.32,5.3,2.44,1.25,1.1,0.58,0.96,0.49,0.36,2.01,0.52
0.69,4.16,2.62,1.1,1.09,3.32,1.72,1.41,2.04,7.72,1.83,1.09,0.36,0.51,1.01,0.43,0.63,1.79,5.26
1.04,5.15,0.63,0.83,1.85,3.7,4.2,1.16,7.06,5.92,2.52,1.06,0.8,0.65,0.91,0.56,0.08,3.31,0.4
2.22,3.82,0.96,0.46,1.39,3.41,0.56,1.02,1.84,4.84,2.53,1.52,0.54,0.52,0.89,0.42,1.86,2.41,0.48
0.62,5.13,0.8,1.15,0.81,3.72,2.18,1.69,1.76,8.09,2.6,0.97,0.36,0.55,0.93,0.42,0.44,1.63,5.33
0.41,5.08,0.98,0.97,1.32,4.66,2.32,0.72,4.05,5.31,2.58,0.93,0.56,0.7,0.84,0.49,0.52,1.95,0.58
0.89,4.48,0.86,1.82,1.13,3.28,3.22,0.35,1.9,5.95,2.32,1.16,0.38,0.64,1.14,0.42,0.59,3.41,0.5
0.86,4.68,0.92,1.64,1.25,3.58,3.36,1.18,1.59,5.14,2.34,1.01,0.41,0.84,0.87,0.41,0.65,2.68,0.51
0.89,4.48,0.86,1.24,1.7,3.28,2.15,0.5,3.95,5.4,2.64,0.91,0.44,0.99,0.85,0.5,0.41,2.57,0.51
0.66,5.49,0.74,1.35,1.78,4.19,2.06,1.69,1.9,4.95,2.58,1.1,0.73,0.55,0.81,0.58,0.47,2.57,0.38
0.6,3.95,0.54,1.07,2.85,3.95,2.62,1.01,2.36,3.78,2.19,1.17,6.02,0.74,0.88,0.55,25.2,3.16,0.53
0.6,5.07,0.78,1.48,0.67,3.64,3.77,2.4,2.27,5.75,2.53,1.17,0.46,0.52,0.83,0.44,0.62,1.73,5.37
0.29,6.94,0.8,1.21,0.8,3.23,0.64,1.38,1.94,5.64,1.96,1.15,0.63,0.66,0.84,0.24,0.7,2.15,1.11
0.62,5.33,0.65,1.24,1.44,4.67,3.27,0.89,2.48,5.56,2.08,1.17,0.51,0.71,0.89,0.42,0.45,1.36,0.96
0.74,5.34,0.82,1.45,0.75,2.81,1.87,2.64,1.8,5.05,2.28,0.91,0.47,0.85,0.87,0.43,0.27,2.99,1.09
0.88,4.01,0.94,1.47,1.49,2.83,1.35,0.67,2.49,4.89,1.95,0.9,0.93,0.9,0.87,0.36,0.38,2.21,0.52
0.69,5.36,0.74,0.77,1.41,3.07,1.83,3,1.88,6.18,2.21,0.97,0.67,0.63,0.87,0.3,0.59,1.8,0.34
0.65,6.92,2.27,0.93,1.94,2.9,1.73,0.74,2.12,5.76,2.69,1.01,0.46,0.49,0.84,0.26,0.94,2.1,0.44
0.6,4.05,0.72,1.73,0.96,3.21,4.08,3.16,1.69,5.19,2.81,1.37,0.56,0.81,0.78,0.51,0.22,3.22,0.82
0.37,4.07,2.3,1.31,1.68,4.59,3.66,1.79,2.07,5.66,2.26,1.55,0.76,0.75,0.89,0.35,0.55,1.96,0.51
0.79,6.83,0.8,1.53,1.44,2.95,3.46,2.07,1.36,5.96,2.67,1.15,0.39,0.69,0.91,0.55,0.24,2.84,1.21
0.74,6.93,1.15,1.15,0.83,3.06,1.38,1.83,2.38,5.36,2.75,1.28,0.62,0.6,0.79,0.68,0.58,1.98,0.54
0.66,5.49,0.74,0.94,2.19,4.19,1.75,1.27,2.03,5.62,2.59,0.85,0.62,0.61,1.01,0.52,0.52,2.39,0.86
0.78,7.39,1.32,0.76,1.37,3.01,2.47,2.91,1.44,4.72,2.54,1.34,0.54,0.7,0.86,0.5,0.78,4.25,0.41
0.77,5.6,1.33,0.2,1.61,3.43,2.2,2.33,2.27,6.07,2.81,1.19,0.81,0.48,0.86,0.49,0.19,3.03,0.91
0.82,4.57,0.68,0.69,1.69,3.2,1.74,1.94,2.63,5.93,2.51,1.02,0.55,0.86,0.77,0.51,0.38,3.02,0.92
0.66,6.43,0.78,0.98,1.11,3.51,2.69,1.17,1.88,5.02,2.37,1.13,0.66,1.01,0.81,0.53,0.53,3.24,0.82
0.53,5.84,0.92,0.97,0.98,3.78,1.64,1.68,1.68,4.9,2.51,1.36,0.77,0.8,0.88,0.42,0.43,2.71,0.94
0.86,4.68,0.58,1.98,1.25,3.58,3,0.63,1.86,5.57,2.57,0.96,0.47,0.67,0.76,0.48,0.79,2.98,0.96
1.15,3.76,2.25,1.65,1.03,3.43,3.87,1.37,3.19,5.54,2.65,2.47,1.07,0.96,0.8,0.34,0.63,3.24,0.8
0.64,5.42,0.85,0.95,2.07,3.05,2.33,1.02,1.59,4.97,2.47,1.11,0.4,0.6,0.81,0.5,0.64,2.27,0.83
0.73,5.98,0.59,0.92,1.02,3.57,3.71,2.56,2.21,5.45,2.7,1.15,0.54,0.61,0.83,0.3,0.44,3.94,0.56
0.76,6.26,0.8,0.89,1.73,4.14,3.13,1.01,1.67,5.56,1.73,1.01,0.49,0.66,0.87,0.4,0.54,3.33,0.35
0.67,7.58,2.84,0.57,1.24,3.05,2.5,0.92,2.12,6.03,1.82,1.22,0.54,0.55,0.85,0.2,0.83,2.4,0.31
0.77,6.73,2.34,0.7,1.13,3.09,2.97,1.93,2.69,5.09,2.91,1.32,0.43,0.68,0.84,0.53,0.64,1.99,0.46
0.31,4.65,1.01,1.91,1.23,3.01,2.48,0.89,4.68,5.35,2.32,1.01,0.6,0.48,0.89,0.26,0.95,3.03,1.05
0.76,6.26,0.58,0.99,1.85,4.14,2.77,0.77,1.9,5.24,2.38,1.41,0.87,1.03,0.82,0.35,0.36,2.78,0.36
0.68,5.18,0.82,1.69,1.32,3.15,3.09,3.32,1.8,5.41,1.82,1.04,1.16,0.7,0.82,0.37,0.82,2.1,0.49
0.6,5.54,0.95,1.62,0.57,3.51,6.44,3.33,2.13,4.97,2,1.03,0.69,0.59,0.84,0.2,1,2.47,0.33
0.75,6.17,1.13,0.85,1.12,3.16,1.32,0.98,2.58,5.67,2.61,1.19,1.09,0.66,0.86,0.43,0.76,2.86,0.49
0.53,5.84,0.92,1.29,0.66,3.88,1.61,0.79,1.71,4.87,2.68,1.06,2.23,0.72,0.9,0.29,0.8,2.49,0.82
0.74,5.55,0.9,0.63,1.32,6.07,1.35,1.07,1.88,5.36,0.98,0.83,0.73,0.59,0.78,0.44,1.05,2.77,0.82
0.62,5.33,0.65,0.88,1.8,4.67,2.91,1.22,1.51,5.66,2.63,1.02,0.62,0.71,0.82,0.91,0.4,2.61,1.02
0.76,6.83,1.32,0.96,1.38,3.61,4.05,1.14,1.92,5.61,2.23,1.06,0.6,0.58,0.97,0.41,0.53,3.03,0.9
0.77,6.67,1.24,1.06,1.24,4.1,1.95,3.29,1.92,5.65,2.14,1.15,0.81,1.19,0.89,0.71,0.4,2.42,0.91
2.22,3.82,0.96,0.79,1.06,3.41,0.97,1.21,2.18,5.53,3.18,1.16,0.45,0.62,0.81,0.41,0.61,3.53,0.44
0.8,5.02,0.73,1.74,2.3,5.21,1.77,0.8,1.79,5.63,1.64,0.92,0.62,0.8,0.84,0.46,0.49,1.88,0.63
0.79,6.83,0.8,1.81,1.16,2.95,4,1.69,1.6,4.71,2.79,1.28,0.42,0.76,0.9,0.33,0.26,5.18,0.97
0.75,5.94,0.96,1.64,1.16,3.57,3.23,1.05,2.71,5.15,2.13,1.31,0.55,1.32,0.82,0.38,0.61,2.12,0.35
0.6,5.39,1.61,1.48,2.07,4.05,2.29,1.71,1.87,5.16,2.33,1.19,1.76,0.6,0.76,0.52,1.45,2.26,0.5
0.41,5.08,0.96,0.97,1.34,4.66,1.97,1.4,1.05,5.16,3.16,1.07,0.53,0.59,1.51,0.36,0.13,5.59,0.8
0.68,5.18,0.82,2.1,0.9,3.15,3.78,0.75,2.01,5.47,2.84,0.82,0.7,0.68,0.83,0.57,0.57,3.9,0.33
0.82,6.88,0.73,0.71,1.66,3.1,3.23,1.07,1.38,5.87,2.19,1.05,0.39,0.72,0.86,0.54,0.81,1.91,0.52
0.6,5.55,0.95,1.62,0.57,3.51,6.82,2.71,2.12,5.79,2.35,1.21,0.48,0.61,0.79,0.36,0.52,2.44,0.43
0.59,4.75,0.78,1.4,1.44,4.27,1.78,2.25,2.57,5.97,1.07,1.05,0.45,0.68,0.83,0.52,0.15,3.34,0.97
0.7,5.67,0.96,1.18,1.04,3.14,3.27,2.25,1.57,5.46,2.29,0.99,0.7,0.65,0.86,0.45,0.5,1.98,0.57
0.77,6.99,1.45,1.2,0.96,3.34,2.82,1.93,1.84,5.37,2.7,1.01,1.17,0.6,0.84,0.54,0.79,3.2,0.78
0.6,5.39,1.61,1.48,2.07,4.04,1.98,3.29,2.29,5.22,2.8,0.62,0.94,0.78,0.9,0.48,0.44,2.87,0.37
0.71,5.65,1.69,1.23,1.35,3.12,1.55,0.66,2.37,5.23,2.51,1.45,0.5,0.68,0.81,0.41,0.24,3.09,0.55
0.76,6.83,1.32,1.31,1.03,3.61,4.38,0.97,2.12,5.78,1.93,1.3,0.67,0.97,0.89,0.23,0.66,3.18,0.78
0.77,7.95,2.85,0.24,1.38,3.24,2.18,1.04,1.96,5.73,2.2,1.16,0.77,1.23,0.79,0.37,0.21,3.04,0.7
0.67,5.59,0.72,1.16,1.04,4.56,2.09,0.73,1.82,5.54,2.99,1.08,0.4,0.79,0.89,0.33,0.67,2.14,0.77
0.66,5.78,0.69,1.61,1.04,4.72,3.1,0.89,2.09,4.95,2.18,1.43,0.55,0.74,0.82,0.44,0.51,2.74,0.42
0.88,4.01,0.94,0.92,2.03,2.83,1.01,0.83,2.01,5.24,2.68,1.61,0.62,0.73,0.94,0.39,0.31,3.28,0.51
0.75,5.94,0.97,1.63,1.16,3.57,3.53,0.67,2.31,5.48,3.3,0.98,0.83,0.65,0.89,0.45,0.44,2.6,0.48
1.07,4.48,0.72,2.56,0.89,3.15,1.73,0.73,1.49,5.82,2.31,1.26,0.57,0.66,1.02,0.32,0.49,6.59,0.36
0.8,7.12,1.01,0.86,2.25,3.95,1.33,1.4,1.38,5.8,1.91,1.03,0.46,0.89,0.91,0.42,0.81,2.7,0.33
0.8,3.85,1.31,1.01,1.56,3.1,1.96,1.23,2.32,5.01,2.26,1.06,0.45,0.63,0.85,0.63,0.47,1.86,0.65
0.31,3.83,1.05,0.63,2.33,3.63,1.52,1.4,2.3,4.45,1.34,1.14,0.69,0.6,0.82,0.46,0.61,2.39,0.65
0.77,6.99,1.45,0.56,1.61,3.34,2.07,3.07,2.5,5.51,2.56,1.43,0.47,0.63,0.81,0.54,0.82,2.63,0.65
0.82,6.88,0.73,1.15,1.22,3.1,3.57,1.83,2.56,4.82,1.93,1.09,0.49,0.6,0.77,0.44,0.33,2.6,0.48
0.22,3.72,1.28,0.78,1.04,3,2.47,0.69,1.89,5.68,2.24,0.99,0.45,0.62,0.8,0.76,0.75,3.52,0.65
0.62,5.44,0.82,1.46,1.65,3.28,3.87,1.17,2.19,5.25,2.88,1.33,0.76,0.66,0.87,0.09,0.56,2.28,0.41
0.77,6.71,0.63,1.14,1.34,3.03,2.91,4.48,1.04,5.39,3.44,1.05,0.51,0.61,0.98,0.66,0.15,6.45,0.49
0.74,6.93,1.15,1.01,0.97,3.06,1.21,3.28,2.92,5.24,2.63,1.15,0.83,0.58,0.81,0.48,0.65,1.98,0.97
0.82,4.57,0.68,1.04,1.33,3.2,2.08,1.1,4.09,5.35,2.36,0.94,0.56,0.69,0.83,0.61,0.26,4.4,1.35
0.69,3.88,0.98,1.8,1.65,3.15,1.12,0.66,2.75,4.06,2.41,1.02,0.65,0.67,0.86,0.47,0.67,1.99,0.44
0.37,4.07,2.16,1.09,2.04,4.59,3.33,1.58,2.01,5.07,2.63,1.19,0.49,0.71,0.85,0.62,0.91,3.85,1.35
0.62,5.66,0.9,1.27,1.37,4.99,1.59,3.31,2.56,4.72,2.2,0.97,0.61,0.52,0.82,0.47,0.42,1.83,0.91
0.65,8.45,1.25,0.55,1.44,3.38,2.69,1.58,1.92,5.97,2.37,1.13,0.69,0.8,0.84,0.46,1.14,2.16,0.37
0.42,4.16,0.86,0.43,0.99,3,2.62,1.07,1.59,6,2.69,1.29,0.55,0.7,0.84,0.47,1.18,2.61,0.85
0.86,4.8,0.86,0.29,2.4,3.24,1.52,0.97,2.18,4.79,2.3,1.17,0.38,0.76,0.77,0.32,0.56,2.5,0.5
0.71,5.65,1.69,1.13,1.45,3.12,1.19,0.9,2.55,4.97,2.44,1.23,0.58,0.77,0.86,0.66,1.04,2.75,0.84
0.59,5.33,1.09,2.05,0.99,3.11,3.39,3.59,1.83,5.1,2.22,0.9,0.89,0.57,0.86,0.47,1.04,3.32,0.87
0.34,5.96,0.52,1.47,1.42,4.93,1.17,2.14,2.12,5.1,2.51,0.86,1.04,0.62,0.86,0.57,0.88,2.41,0.52
0.83,6.97,1.04,0.27,2.06,3.35,3.34,1.08,2.99,4.61,1.79,1.2,0.71,0.62,0.85,0.64,0.31,2.22,0.75
0.67,6.85,1.12,0.73,1.37,3.11,3.01,0.82,1.88,5.43,2.56,0.56,1.05,0.65,0.87,0.5,1,2.18,0.37
0.64,5.42,0.85,1.33,1.69,3.05,2.63,0.58,2.77,5.62,2.21,1.08,0.77,0.59,0.83,0.36,0.53,2.86,0.55
0.67,5.59,0.72,1.16,1.04,4.56,2.39,0.88,2.04,5.3,1.91,0.99,0.57,0.69,0.79,0.7,0.79,3.83,0.41
0.6,5.55,0.75,0.82,2.17,3.27,3.59,2.65,2.31,5.3,2.18,0.76,0.81,0.68,0.88,0.49,0.33,2.83,0.82
0.82,4.22,0.94,0.93,1.64,3.6,2.95,0.97,2.55,4.65,1.18,0.84,0.99,0.66,0.93,0.42,0.49,3.1,0.78
0.65,8.45,1.25,0.9,1.31,3.16,3.5,0.82,2.27,5.26,2.11,1.16,0.44,0.97,0.82,0.21,0.8,3.3,0.71
0.02,4.16,1.82,1.14,0.61,3.48,3.31,0.7,11.24,6.38,3.57,1.13,0.22,1.36,0.81,0.05,1.01,3.02,0.8
0.83,6.22,1.08,0.85,2.56,3.83,3.47,2.4,3.44,5.26,2.98,1.24,1.63,0.94,0.84,0.31,0.35,3.4,0.44
0.8,7.12,1.01,1.21,1.9,3.95,1.62,1.11,1.63,5.58,2.13,1.04,0.65,0.56,0.78,0.24,0.22,4.25,0.55
0.7,5.31,0.85,0.73,1.48,3.54,3.74,1.68,1.81,5.49,2.38,1.37,0.44,0.59,0.9,0.56,0.58,3.06,0.54
0.7,5.67,0.96,1.18,1.04,3.14,3.74,1.63,2,5.94,2.34,0.96,0.68,0.64,0.86,0.22,0.88,2.63,0.39
0.34,5.96,0.52,1.58,1.31,4.93,1.17,2.78,2.12,4.84,2.21,1.28,0.74,0.62,0.81,0.43,0.41,2.83,0.8
0.66,6.56,0.8,1.31,3.81,3.21,2.33,0.72,2.13,5.75,2.85,0.96,0.86,0.8,0.76,0.58,0.78,3.22,0.46
0.99,4.15,1.09,1.41,1.65,3.82,2.52,0.78,2.77,4.13,2.4,0.89,0.9,0.49,0.85,0.42,0.43,2.26,0.79
0.66,6.56,0.8,1.63,3.49,3.2,2.96,0.73,2.14,6.09,3.09,0.85,0.78,0.67,0.89,0.34,0.46,2.73,0.45
0.72,7.22,0.97,0.44,0.55,3.39,3.52,1.08,1.81,5.39,2.48,1.08,0.93,0.91,0.81,0.69,0.19,2.46,0.72
0.25,4.09,0.3,0.98,1.37,3.1,18.33,1.7,2.32,5.39,2.16,0.65,0.77,1.36,0.88,0.63,0.47,3.16,0.75
0.75,6.07,0.8,0.85,2.18,3.27,12.5,1.03,2.34,5.18,1.87,0.96,0.54,0.56,0.89,0.37,0.63,2.79,0.84
0.25,3.79,1.16,1.15,0.82,4.07,2.86,1.18,2.83,4.79,2.19,0.94,0.41,0.64,0.83,0.64,0.21,1.92,0.81
0.77,6.94,2.47,1.04,2.44,3.65,3.07,1.46,3.24,4.31,2.15,1.08,0.6,0.88,0.84,0.39,0.79,2.76,0.44
0.82,4.22,0.94,0.93,1.64,3.6,2.53,0.72,2.21,5.57,2.43,1.16,0.51,0.75,0.97,0.44,0.45,2.71,0.43
0.67,6.55,2.89,0.29,2.76,3.65,3.39,0.74,2.79,5.51,2.09,0.99,0.66,0.62,0.84,0.62,0.54,2.55,0.77
0.59,4.75,0.78,1.81,1.03,4.27,2.09,2.29,2.94,5.22,2.14,1.24,0.62,0.84,0.92,0.4,0.57,3.77,0.78
0.62,5.44,0.82,1.36,1.75,3.28,3.57,0.72,1.71,5.94,2.04,1.54,0.99,0.58,0.83,0.23,0.67,3.95,0.78
0.77,5.68,1.55,0.17,2.17,3.46,2.27,1.1,2.66,9.97,2.11,0.72,0.58,0.49,0.85,0.37,0.16,1.96,0.6
0.99,4.15,1.09,1.41,1.65,3.82,2.24,0.78,2.43,4.9,2.85,1.14,0.31,0.73,0.89,0.58,0.17,2.18,0.75
1.32,4.07,1.06,0.39,3.11,3.66,2.61,0.67,3.01,3.88,2.33,1.23,0.65,0.53,0.88,0.52,0.38,2.65,0.37
0.54,4.1,1.11,1.24,1.28,4.62,1.78,0.64,1.81,5.43,2.05,1.19,0.45,0.66,0.85,0.36,0.64,2.78,0.45
0.65,5.52,0.72,1.33,1.8,3.64,7.71,1.51,2.1,5.14,2.58,1.22,0.84,1.37,0.88,0.57,0.3,2.44,0.76
0.41,4.12,1.21,1.46,2.5,3.53,1.4,1.54,1.95,5.24,2.85,0.86,0.91,0.47,0.95,0.57,0.46,2.4,0.5
0.66,5.78,0.69,1.28,1.37,4.72,2.78,0.61,1.77,5.59,2.74,1.13,1.59,0.81,0.87,0.24,1.58,2.66,0.76
0.8,3.85,1.31,1.01,1.56,3.1,1.56,2.01,2.18,4.85,3.26,0.93,0.65,0.68,0.81,0.46,1,2.01,0.58
0.19,5.68,0.77,1.11,0.93,3.13,8.07,0.38,2.64,4.82,1.73,1.2,0.63,0.65,0.83,0.67,0.24,2.35,0.53
0.25,4.09,0.3,1.35,1,3.1,18.78,1.32,3.06,5.68,2.99,1.01,0.74,0.66,0.8,0.49,0.35,2.64,0.78
0.19,5.68,0.77,1.48,0.57,3.13,8.4,0.45,2.78,4.61,1.52,1.18,0.48,0.91,0.8,0.49,0.23,2.56,0.34
0.62,5.66,0.9,1.27,1.37,4.99,1.44,3.23,1.96,5.39,3,1.06,0.8,0.8,0.81,0.55,0.34,2.47,0.39
0.8,5.02,0.73,1.74,2.3,5.21,1.5,1.35,1.67,5.54,2.39,1.2,0.65,0.56,0.85,0.46,0.62,2.9,0.78
1.86,3.9,1.13,0.93,1.57,3.48,1.67,1.71,1.9,5.1,1.97,1,0.54,0.6,0.84,0.54,0.67,2.1,0.85
0.47,3.88,0.72,1.1,2.17,3.76,1.99,1.01,2.71,5.15,0.97,1.14,0.39,0.52,0.85,0.48,0.4,2.44,0.49
0.69,3.88,0.98,1.81,1.64,3.15,1.45,0.88,2.16,5.33,2.08,1.12,0.62,0.62,0.88,0.53,0.69,2.36,0.85
0.67,6.85,1.12,0.37,1.73,3.11,2.63,0.84,2.06,8.65,1.91,0.88,0.52,0.71,0.78,0.54,0.44,2.18,0.28
0.64,4.03,0.98,1.11,1.18,4.02,2.28,1.55,2.59,4.8,2.99,1.11,0.42,0.55,0.82,0.75,0.1,2.61,0.43
0.41,4.12,1.44,1.44,2.29,3.53,1.73,1.77,2.52,5.41,2.66,1.03,0.47,0.66,0.8,0.77,0.4,2,0.45
0.71,8.07,0.95,0.49,2.07,3.98,3.02,0.66,2.26,4.89,2.03,1.02,0.62,0.48,0.84,0.41,0.52,3.05,0.42
0.28,3.86,1.31,0.84,1.98,3.65,2.48,1.56,3.26,4.75,1.53,0.84,0.9,0.67,0.82,0.64,0.47,2.34,0.32
0.25,3.79,1.14,0.9,1.09,4.07,2.43,0.9,2.18,5.2,2.52,1.03,0.49,0.66,0.85,0.51,0.27,3.25,0.89
0.31,3.83,1.05,0.69,2.26,3.63,1.84,0.89,1.87,5.32,2.33,0.86,1.01,0.62,0.82,0.53,0.16,3.5,0.89
0.52,5.95,2.23,0.99,1.62,4.11,2.72,0.84,2.4,4.91,2.25,0.99,0.8,0.75,0.86,0.5,0.87,3.01,0.87
1.32,4.6,0.6,1.12,1.78,3.86,2.71,0.66,2.67,4.29,1.44,0.92,0.51,0.79,0.79,0.53,0.29,2.53,0.57
0.65,5.52,0.85,1.52,1.49,3.64,8.3,1.25,3.22,5.47,2.79,1.41,0.49,0.65,0.81,0.48,0.16,1.77,0.93
0.34,4.85,0.78,0.55,2.09,3.35,1.15,2.06,2.37,4.63,1.22,1.16,0.52,0.53,0.91,0.64,0.23,2.92,0.87
0.06,4.23,1.39,0.8,1.58,3.73,2.26,1.61,2.3,5.69,1.97,1.26,0.65,0.51,0.81,0.53,0.69,2.17,0.93
0.64,4.03,0.98,1.11,1.18,4.02,2.64,2.8,2.45,5.12,2.24,1.11,0.44,0.56,0.87,0.46,0.75,1.75,0.28
0.41,4.55,0.82,0.73,1.92,3.93,0.96,3.25,2.85,5.25,2.75,0.87,0.69,0.72,0.79,0.42,0.67,2.41,0.46
0.53,3.72,0.66,1.32,1.78,3.32,1.58,0.59,2.55,5.47,1.86,1.19,0.42,0.48,0.87,0.64,0.08,2.74,0.82
0.83,3.75,0.91,1.04,2.23,3.43,2.67,0.91,1.51,5.07,1.74,1.15,0.46,0.62,0.92,0.57,0.35,2.95,0.82
0.6,4.25,0.67,1.23,0.54,3.09,8.09,0.62,2.88,9.61,2.2,0.59,0.83,0.68,0.87,0.67,0.51,2.14,0.3
0.47,3.8,2.12,1.19,1.77,3.69,3.43,0.56,2.54,5.26,1.7,1.09,0.74,0.64,0.79,0.72,0.63,2.67,0.76
0.88,4.94,0.8,0.79,1.65,3.49,2.36,1.23,3.2,5.34,1.75,0.95,0.48,0.48,0.79,0.54,0.43,2.48,0.78
0.89,5.4,2.35,1.28,1.44,3.52,2.59,0.82,2.93,3.96,2.27,1.14,0.55,1.41,0.92,0.42,0.44,4.34,0.46
0.75,6.07,0.8,0.85,2.18,3.27,12.07,2.06,2.64,4.7,2.29,1.06,0.68,1,0.82,0.55,0.59,2.65,0.83
0.53,3.72,0.66,1.32,1.78,3.32,1.21,0.61,2.58,5.23,2.71,1.4,0.45,0.58,0.81,0.72,0.34,2.8,0.26
0.77,5.68,1.55,0.87,1.48,3.46,2.46,3.38,2.91,4.77,2.86,0.97,0.71,0.68,0.9,0.51,0.75,3.89,0.34
0.82,6.28,1.17,0.24,1.53,3.45,2.8,1.58,3.09,4.44,2.36,1.16,0.32,0.63,0.84,0.5,0.27,2.28,0.41
0.47,3.8,2.12,1.19,1.77,3.69,3.14,0.57,2.98,4.34,2.88,1.07,0.46,0.74,0.9,0.66,0.58,2.4,0.81
2.49,5.82,1.95,0.04,4.31,3.64,1.42,1.09,2.41,5.07,2.38,1.01,0.48,0.51,0.82,0.52,0.58,2.07,0.32
0.88,4.94,0.8,0.37,1.72,3.84,2.28,0.48,2.85,5.26,3.23,1.25,0.23,0.63,0.77,0.82,0.3,2.34,0.76
0.47,3.88,0.72,0.6,2.67,3.76,1.46,3.35,0.85,4.43,2.13,0.9,0.48,0.59,0.83,0.65,0.49,2.99,0.42
2.55,6.26,1.18,0.89,1.52,3.97,1.28,1.6,2.87,4.79,2.06,0.98,0.65,0.64,0.88,0.72,0.57,2.44,0.8
0.91,4.22,0.94,0.76,2,3.93,2.62,0.56,2.9,4.54,2.18,0.8,0.86,0.72,0.77,1.24,0.29,2.39,0.79
1.32,4.07,1.06,0.52,2.98,3.66,3.04,2.11,2.48,4.49,2.81,0.82,0.72,0.55,0.91,0.3,0.92,2,0.41
0.91,4.22,0.94,1.14,1.62,3.93,3.12,0.6,2.85,5.23,2,0.93,0.53,0.56,0.87,0.7,0.18,3.13,0.27
0.29,6.94,0.8,1.21,0.8,3.23,1.08,1.8,3.64,8.46,2.39,1.01,0.41,0.58,0.92,0.51,0.67,2.28,0.47
0.64,5.75,0.67,1.3,1.62,3.26,3.11,4.27,2.46,4.44,2.1,1.18,0.71,0.56,0.85,0.73,0.34,2.18,0.72
0.61,5.41,1.28,0.41,1.99,3.24,1.13,2.62,3.05,4.33,2.04,1.36,0.44,0.41,0.86,0.53,0.6,1.79,0.29
0.42,4.16,0.86,0.72,0.71,3,2.97,2.46,1.8,8.54,1.93,1.18,0.42,0.95,0.84,0.81,0.18,2.54,0.79
1.42,4.78,0.67,1.46,2.16,2.59,3.52,1.16,1.9,4.35,2.14,1.08,0.53,0.56,0.81,0.67,0.29,2.31,0.83
0.28,3.86,1.31,0.45,2.37,3.65,2.09,1.84,2.37,4.83,3.22,0.99,0.54,0.5,0.78,0.73,0.37,2.75,0.71
0.41,5.18,1.25,0.79,2.55,3.54,1.6,0.71,2.98,4.59,2.04,1.06,0.4,0.62,0.81,1.03,0.1,2.79,0.74
1.01,3.76,0.59,0.98,1.71,3.29,2.88,0.79,2.96,4.9,2.07,1.02,0.36,0.72,0.95,0.37,0.77,1.92,0.89
0.7,5.31,0.85,0.73,1.21,3.8,3.46,1.82,1.9,5.71,3.33,0.89,0.65,0.55,0.8,0.37,0.76,5.04,0.47
0.83,3.75,0.91,1.25,2.02,3.43,2.45,0.57,3.07,4.3,2.89,0.92,0.79,0.59,0.84,0.66,0.17,3.09,0.41
0.74,6.15,1.71,1.16,1.13,3.28,2.44,3,1.48,4.71,2.13,1.08,0.46,0.51,0.85,0.58,0.31,2.64,0.21
0.29,2.35,1.08,1,2.55,3.28,2.68,1.67,2.48,4.3,2.17,1.17,0.5,0.58,0.85,0.42,0.73,1.77,0.79
0.89,5.4,2.09,1.55,1.44,3.52,2.22,1.05,1.98,5.59,2.32,0.92,0.85,0.67,0.83,0.66,0.41,5,0.32
0.86,4.8,0.86,0.7,1.99,3.24,1.87,1.88,2.01,5.19,3.22,0.88,0.64,0.6,0.83,0.48,0.58,3.11,0.62
0.39,6.61,1.22,0.63,2.09,3.2,2.68,1.37,2.33,4.53,2.1,1.1,0.68,0.45,0.87,0.52,0.5,1.85,0.35
1.32,4.6,0.6,1.12,1.78,3.86,3.04,0.85,2.57,4.68,2.11,1,0.41,0.52,0.85,0.54,0.51,2.61,0.3
0.22,4.02,1.14,0.43,2.94,3.84,2.89,0.72,2.93,4.98,2.38,1.26,0.23,0.55,0.91,0.38,0.8,2.04,0.81
1.03,5.59,1.03,0.91,1.94,3.31,1.83,1.28,1.3,4.94,2,1.11,0.42,0.56,0.83,0.67,0.63,2.71,0.43
0.72,7.22,0.97,0.43,0.55,3.39,3.11,0.99,2.18,5.72,3.31,1.2,0.41,0.72,0.87,0.44,0.21,5.45,0.22
0.6,5.55,0.75,1.23,1.76,3.27,3.95,2.44,2.29,7.98,2.37,0.94,0.37,0.65,0.82,0.64,0.25,3.22,0.85
0.22,4.02,1.14,0.94,2.42,3.84,3.13,0.68,2.76,5.03,2.3,1.03,0.4,0.58,0.86,0.78,0.63,2.14,0.74
0.52,5.95,2.23,1.14,1.47,4.11,3.49,1.2,3.03,4.35,1.72,1.01,0.43,0.72,0.85,0.58,0.28,5.15,0.38
0.64,5.74,0.67,1.09,1.81,3.28,2.66,1.6,3.34,7,2.55,0.99,0.61,0.49,0.87,0.6,0.1,3.51,0.35
